{
"type": "FeatureCollection",
"name": "se_municipios",
"crs": { "type": "name", "properties": { "name": "urn:ogc:def:crs:OGC:1.3:CRS84" } },
"features": [
{ "type": "Feature", "properties": { "cod_mun": "2800100", "nome": "Amparo de São Francisco", "dre": "DRE06", "nome_dre": "DRE 06" }, "geometry": { "type": "Polygon", "coordinates": [ [ [ -36.925637330900003, -10.127722347900001 ], [ -36.923702202599998, -10.1293145218 ], [ -36.921220778, -10.127885855500001 ], [ -36.918184579699997, -10.131725079700001 ], [ -36.918080553800003, -10.131823149300001 ], [ -36.910552678599998, -10.137515367100001 ], [ -36.887263841200003, -10.1425939279 ], [ -36.880255865700001, -10.1446405951 ], [ -36.903094775600003, -10.173472096199999 ], [ -36.943082504700001, -10.2271153513 ], [ -36.939995703500003, -10.1619911185 ], [ -36.939755201600001, -10.1579603687 ], [ -36.934400852099998, -10.1205129858 ], [ -36.925637330900003, -10.127722347900001 ] ] ] } },
{ "type": "Feature", "properties": { "cod_mun": "2800209", "nome": "Aquidabã", "dre": "DRE05", "nome_dre": "DRE 05" }, "geometry": { "type": "Polygon", "coordinates": [ [ [ -37.057056594800002, -10.1806614396 ], [ -37.016560340399998, -10.190584768500001 ], [ -36.9944523371, -10.1771723557 ], [ -36.983180251100002, -10.195217901 ], [ -36.971252309100002, -10.2041194434 ], [ -36.962632782100002, -10.229897013900001 ], [ -36.9608470485, -10.2352352628 ], [ -36.958407176800002, -10.233993995800001 ], [ -36.943082504700001, -10.2271153513 ], [ -36.928686756499999, -10.2224001916 ], [ -36.9520319935, -10.266091578099999 ], [ -36.933383576300002, -10.2757169723 ], [ -36.936761449800002, -10.277800194299999 ], [ -36.9558044268, -10.289550176300001 ], [ -37.009003093899999, -10.3018855802 ], [ -37.011655045399998, -10.310940283200001 ], [ -37.011971241600001, -10.3120197116 ], [ -37.0120774715, -10.312381010699999 ], [ -37.017827302500002, -10.332017430600001 ], [ -37.018347705399997, -10.3318987372 ], [ -37.0257716833, -10.3301978552 ], [ -37.028705243399997, -10.3258173328 ], [ -37.034121044700001, -10.328526026900001 ], [ -37.038657738799998, -10.3270852724 ], [ -37.0523676826, -10.3404262959 ], [ -37.062275145900003, -10.3286554088 ], [ -37.076634652700001, -10.338938219499999 ], [ -37.078487834, -10.34579232 ], [ -37.085091092600003, -10.3469893341 ], [ -37.089740711499999, -10.357849519 ], [ -37.099115240899998, -10.359685042700001 ], [ -37.097339880200003, -10.3620490506 ], [ -37.102158795199998, -10.369209119 ], [ -37.109369356599998, -10.369433981 ], [ -37.111530554399998, -10.3730068739 ], [ -37.118764217299997, -10.368253141 ], [ -37.124563406599997, -10.37518786 ], [ -37.127875100399997, -10.373917266899999 ], [ -37.125750794200002, -10.3716959087 ], [ -37.128417201200001, -10.3716800491 ], [ -37.134994525099998, -10.358807820799999 ], [ -37.140075314299999, -10.360228401400001 ], [ -37.139553908, -10.3628750987 ], [ -37.144056873899999, -10.3617352633 ], [ -37.143651525, -10.3669096923 ], [ -37.146872004899997, -10.3661292517 ], [ -37.145884205, -10.3619609863 ], [ -37.152573128, -10.3673291906 ], [ -37.153385342100002, -10.363915951499999 ], [ -37.158444784499999, -10.3655109142 ], [ -37.158996826399999, -10.361555408 ], [ -37.153109232799999, -10.358258749 ], [ -37.157454224699997, -10.3501510603 ], [ -37.153488936800002, -10.3474316831 ], [ -37.163494037299998, -10.339853614600001 ], [ -37.161819674299998, -10.334068804699999 ], [ -37.165124821399999, -10.3319826473 ], [ -37.148938896099999, -10.3224258029 ], [ -37.149226776799999, -10.315146591 ], [ -37.155256381400001, -10.306950670399999 ], [ -37.147417022900001, -10.3026866248 ], [ -37.149310332100001, -10.2928973221 ], [ -37.1504430476, -10.2884584238 ], [ -37.147019323899997, -10.2876584402 ], [ -37.13938438, -10.2804901305 ], [ -37.137823184699997, -10.2746235152 ], [ -37.138389797499997, -10.26172991 ], [ -37.142415554800003, -10.2561358545 ], [ -37.140711185199997, -10.246234389 ], [ -37.1486346553, -10.240990249899999 ], [ -37.150701486700001, -10.2355152687 ], [ -37.149812555, -10.2224192972 ], [ -37.1428419127, -10.204391166100001 ], [ -37.136412450599998, -10.199956845499999 ], [ -37.136210472199998, -10.199771372600001 ], [ -37.137029554500003, -10.193266164800001 ], [ -37.153948058899999, -10.186970583900001 ], [ -37.1518120852, -10.1648774256 ], [ -37.151600229700001, -10.1648070276 ], [ -37.057577240599997, -10.1805648918 ], [ -37.057177001600003, -10.180631825300001 ], [ -37.057056594800002, -10.1806614396 ] ] ] } },
{ "type": "Feature", "properties": { "cod_mun": "2800308", "nome": "Aracaju", "dre": "DEA", "nome_dre": "Diretoria de Ensino de Aracaju" }, "geometry": { "type": "Polygon", "coordinates": [ [ [ -37.074445601699999, -10.864394000900001 ], [ -37.067684685700002, -10.876858907300001 ], [ -37.057390277300001, -10.864535319 ], [ -37.044156202300002, -10.864508920700001 ], [ -37.035384656200002, -10.8679073986 ], [ -37.039410087, -10.8836805361 ], [ -37.0437065128, -10.894017912 ], [ -37.042541595199999, -10.9154865799 ], [ -37.041845301400002, -10.9394251129 ], [ -37.0362018378, -10.9557900992 ], [ -37.025852805100001, -10.96367637 ], [ -37.055724951199998, -10.9976882405 ], [ -37.130552052900001, -11.1048665449 ], [ -37.154073337600003, -11.1515787643 ], [ -37.1570962041, -11.1574030356 ], [ -37.163030990400003, -11.152061940599999 ], [ -37.166865873299997, -11.146343953100001 ], [ -37.161863629099997, -11.1329119255 ], [ -37.161726639599998, -11.117182769199999 ], [ -37.166201644600001, -11.104829257900001 ], [ -37.162717871200002, -11.0919318748 ], [ -37.171986469700002, -11.083392007800001 ], [ -37.173578249899997, -11.0770249901 ], [ -37.164988528800002, -11.065689276700001 ], [ -37.156188741500003, -11.0542474539 ], [ -37.144087705499999, -11.057780589 ], [ -37.138318690799998, -11.0634466323 ], [ -37.102078353800003, -10.9692915596 ], [ -37.099166488400002, -10.9617284675 ], [ -37.090995309599997, -10.9405168463 ], [ -37.100386399599998, -10.919464658200001 ], [ -37.107099466699999, -10.9044093715 ], [ -37.102163153299998, -10.8955143153 ], [ -37.105677151599998, -10.8899446919 ], [ -37.103923140299997, -10.886290903800001 ], [ -37.097442899, -10.884646010499999 ], [ -37.103568276600001, -10.8767202248 ], [ -37.097183269299997, -10.8751258267 ], [ -37.083147221600001, -10.8634074929 ], [ -37.074445601699999, -10.864394000900001 ] ] ] } },
{ "type": "Feature", "properties": { "cod_mun": "2800407", "nome": "Arauá", "dre": "DRE01", "nome_dre": "DRE 01" }, "geometry": { "type": "Polygon", "coordinates": [ [ [ -37.554265698599998, -11.1834162649 ], [ -37.550166106500001, -11.185308899100001 ], [ -37.547235594100002, -11.1821248388 ], [ -37.543331278099998, -11.1884608717 ], [ -37.536478293400002, -11.188446066099999 ], [ -37.532196433800003, -11.1972461783 ], [ -37.537577356699998, -11.2189431977 ], [ -37.5325395343, -11.227495509400001 ], [ -37.525473152700002, -11.226844589 ], [ -37.524957311900003, -11.231775883899999 ], [ -37.529781371799999, -11.2370819675 ], [ -37.528719041700001, -11.2419755582 ], [ -37.524100247900002, -11.242222311500001 ], [ -37.526252465699997, -11.254231642300001 ], [ -37.523424131500001, -11.2581629406 ], [ -37.515097799199999, -11.265239301799999 ], [ -37.514143402599998, -11.271905411300001 ], [ -37.5066527587, -11.273781492299999 ], [ -37.515685900400001, -11.288630982100001 ], [ -37.520802412899997, -11.291394524499999 ], [ -37.5241762323, -11.2928547653 ], [ -37.523236952200001, -11.299609011399999 ], [ -37.529760488500003, -11.305241025799999 ], [ -37.549321118400002, -11.3047360799 ], [ -37.5718197777, -11.3230336386 ], [ -37.580769032500001, -11.3264442543 ], [ -37.590410955899998, -11.325519332 ], [ -37.600547907699998, -11.3425845584 ], [ -37.603743882300002, -11.3420335011 ], [ -37.607211978899997, -11.3389668906 ], [ -37.608591794799999, -11.3377473035 ], [ -37.618279130700003, -11.3291815343 ], [ -37.663091613100001, -11.289530490400001 ], [ -37.663142515300002, -11.2817200691 ], [ -37.6633222918, -11.2538459635 ], [ -37.665269837300002, -11.2457752772 ], [ -37.669717714299999, -11.2444048631 ], [ -37.671967262800003, -11.2384928096 ], [ -37.660170556, -11.2187021924 ], [ -37.650565040399997, -11.2202213993 ], [ -37.641578279699999, -11.216841179599999 ], [ -37.634993510800001, -11.2196159315 ], [ -37.615404156700002, -11.2152396179 ], [ -37.607695031200002, -11.217218154499999 ], [ -37.597008926800001, -11.213656101 ], [ -37.596185896400002, -11.2031015832 ], [ -37.586552737200002, -11.195964502700001 ], [ -37.577480803, -11.1892431767 ], [ -37.575958737500002, -11.1881151962 ], [ -37.574550138900001, -11.187070718799999 ], [ -37.5466006495, -11.166363368400001 ], [ -37.549505466399999, -11.1727010229 ], [ -37.556392857500001, -11.178291745299999 ], [ -37.554265698599998, -11.1834162649 ] ] ] } },
{ "type": "Feature", "properties": { "cod_mun": "2800506", "nome": "Areia Branca", "dre": "DRE03", "nome_dre": "DRE 03" }, "geometry": { "type": "Polygon", "coordinates": [ [ [ -37.318597710500001, -10.7377941608 ], [ -37.315874186899997, -10.740255364899999 ], [ -37.298956186200002, -10.7298154314 ], [ -37.293220427599998, -10.722384826900001 ], [ -37.282677533399998, -10.721100248600001 ], [ -37.279869597400001, -10.725850900899999 ], [ -37.282110835399997, -10.7289460345 ], [ -37.282192052600003, -10.738151128 ], [ -37.271504834700004, -10.7471556475 ], [ -37.272945680799999, -10.7519135185 ], [ -37.245250812, -10.7779243374 ], [ -37.2728170711, -10.798301503799999 ], [ -37.283260865499997, -10.806021407599999 ], [ -37.317326729, -10.831207641 ], [ -37.318013112400003, -10.831715518899999 ], [ -37.317737089799998, -10.8317698622 ], [ -37.318025159, -10.8341101176 ], [ -37.328755379900002, -10.833002738299999 ], [ -37.336760716100002, -10.839175045199999 ], [ -37.341125167500003, -10.8480395849 ], [ -37.350996059300002, -10.8494878006 ], [ -37.363249593399999, -10.846710792 ], [ -37.375203471600003, -10.8522024901 ], [ -37.403179007299997, -10.844118954600001 ], [ -37.406587599600002, -10.8317388423 ], [ -37.404318909099999, -10.825705063699999 ], [ -37.402697079600003, -10.8239387456 ], [ -37.395705988, -10.809409215900001 ], [ -37.392459061799997, -10.8026608387 ], [ -37.377222812500001, -10.7710033359 ], [ -37.3759441913, -10.7683463088 ], [ -37.363110862399999, -10.741689984900001 ], [ -37.362888789899998, -10.7412271683 ], [ -37.3530576498, -10.7326026195 ], [ -37.344519701300001, -10.7269836362 ], [ -37.335976476100001, -10.721363739699999 ], [ -37.3322112293, -10.7261736925 ], [ -37.317618272600001, -10.730777725499999 ], [ -37.314759674400001, -10.7311886232 ], [ -37.3115105766, -10.732516693099999 ], [ -37.314623585, -10.7336015163 ], [ -37.318597710500001, -10.7377941608 ] ] ] } },
{ "type": "Feature", "properties": { "cod_mun": "2800605", "nome": "Barra dos Coqueiros", "dre": "DRE08", "nome_dre": "DRE 08" }, "geometry": { "type": "Polygon", "coordinates": [ [ [ -36.8724708373, -10.740802458699999 ], [ -36.8691207484, -10.7436373287 ], [ -36.861112585100003, -10.741963442099999 ], [ -36.853723267100001, -10.743161280300001 ], [ -36.912705123400002, -10.805354834299999 ], [ -36.9326553223, -10.826396388099999 ], [ -36.935940748100002, -10.829963124700001 ], [ -36.956523447499997, -10.8551219581 ], [ -36.991276515599999, -10.899708568099999 ], [ -37.011976304599997, -10.9271523697 ], [ -37.019710616399998, -10.939585623899999 ], [ -37.021583600600003, -10.942601809499999 ], [ -37.026292343199998, -10.951060981299999 ], [ -37.025852805100001, -10.96367637 ], [ -37.0362018378, -10.9557900992 ], [ -37.041845301400002, -10.9394251129 ], [ -37.042541595199999, -10.9154865799 ], [ -37.0437065128, -10.894017912 ], [ -37.039410087, -10.8836805361 ], [ -37.027703625900003, -10.884777183 ], [ -37.023823882, -10.8769316341 ], [ -37.016092307299999, -10.8745248917 ], [ -37.0153113159, -10.863929021 ], [ -37.008872508300001, -10.864417726 ], [ -37.005748722600003, -10.858912541400001 ], [ -36.998165691600001, -10.8603017108 ], [ -36.994717804700002, -10.857187379300001 ], [ -36.9972634517, -10.852559723200001 ], [ -36.994805463100001, -10.8473559149 ], [ -36.989267511400001, -10.851887365 ], [ -36.982926894199998, -10.8485234104 ], [ -36.981449252700003, -10.843412684800001 ], [ -36.988062898800003, -10.8363031376 ], [ -36.984268306899999, -10.8316532001 ], [ -36.982332761899997, -10.8354056869 ], [ -36.978560665400003, -10.8319612454 ], [ -36.968621721799998, -10.832830619699999 ], [ -36.964933653, -10.8192505321 ], [ -36.959920277400002, -10.8167582124 ], [ -36.9602290268, -10.8086869286 ], [ -36.956686937400001, -10.808742537200001 ], [ -36.947250592400003, -10.7981557592 ], [ -36.939110440900002, -10.7956078083 ], [ -36.936980275, -10.786839834 ], [ -36.9286104189, -10.790080053600001 ], [ -36.927155407599997, -10.7866560366 ], [ -36.925733390399998, -10.788244736899999 ], [ -36.899076190899997, -10.7721388963 ], [ -36.883630110399999, -10.7474268024 ], [ -36.876425918499997, -10.738553936900001 ], [ -36.8724708373, -10.740802458699999 ] ] ] } },
{ "type": "Feature", "properties": { "cod_mun": "2800670", "nome": "Boquim", "dre": "DRE01", "nome_dre": "DRE 01" }, "geometry": { "type": "Polygon", "coordinates": [ [ [ -37.528411523199999, -11.0525644421 ], [ -37.538924425399998, -11.096021346300001 ], [ -37.553092339, -11.140823086 ], [ -37.548364224300002, -11.141646381099999 ], [ -37.541123276500002, -11.142765320600001 ], [ -37.546308735399997, -11.147675790799999 ], [ -37.543691916699999, -11.1538304182 ], [ -37.554706104300003, -11.1539043129 ], [ -37.5466006495, -11.166363368400001 ], [ -37.574550138900001, -11.187070718799999 ], [ -37.575958737500002, -11.1881151962 ], [ -37.577480803, -11.1892431767 ], [ -37.586552737200002, -11.195964502700001 ], [ -37.596185896400002, -11.2031015832 ], [ -37.605903292299999, -11.199800854299999 ], [ -37.606344128800004, -11.199535886 ], [ -37.608591310199998, -11.201764733799999 ], [ -37.640089759200002, -11.1982946807 ], [ -37.640936655099999, -11.197873343099999 ], [ -37.6691111871, -11.183016396099999 ], [ -37.669971407799999, -11.1826321572 ], [ -37.678535410800002, -11.189548713800001 ], [ -37.683429099100003, -11.1797579374 ], [ -37.6911128295, -11.1708030132 ], [ -37.705090824499997, -11.1923603715 ], [ -37.700542372900003, -11.1838823115 ], [ -37.702109273799998, -11.180738352900001 ], [ -37.7065560514, -11.175215247600001 ], [ -37.695205974399997, -11.1661668082 ], [ -37.672184692899997, -11.1481705738 ], [ -37.672103463100001, -11.1481001132 ], [ -37.646370864, -11.1257649013 ], [ -37.6491152173, -11.108668874699999 ], [ -37.633649386, -11.0818885472 ], [ -37.623603216200003, -11.0882011746 ], [ -37.617939688500002, -11.082853151 ], [ -37.611900018900002, -11.0780090273 ], [ -37.616411269099999, -11.072257628299999 ], [ -37.614786596099997, -11.069858053200001 ], [ -37.622070363200002, -11.0670413473 ], [ -37.621906273199997, -11.0669613722 ], [ -37.564803367, -11.039617982199999 ], [ -37.569657486200001, -11.034349754899999 ], [ -37.568165214799997, -11.0250237996 ], [ -37.548767902400002, -11.009903144100001 ], [ -37.546841122399996, -11.008401067099999 ], [ -37.530660258099999, -10.995788791100001 ], [ -37.528411523199999, -11.0525644421 ] ] ] } },
{ "type": "Feature", "properties": { "cod_mun": "2800704", "nome": "Brejo Grande", "dre": "DRE06", "nome_dre": "DRE 06" }, "geometry": { "type": "Polygon", "coordinates": [ [ [ -36.399544628, -10.5113526226 ], [ -36.3996139861, -10.5194966029 ], [ -36.405904943, -10.517268120100001 ], [ -36.435279837800003, -10.520751344300001 ], [ -36.497338780600003, -10.5380337943 ], [ -36.484302528299999, -10.5281916894 ], [ -36.499074840900001, -10.5125549047 ], [ -36.585082460599999, -10.499266734200001 ], [ -36.556930728, -10.4833289425 ], [ -36.527448867499999, -10.4653743344 ], [ -36.512828489599997, -10.4463660289 ], [ -36.496931745799998, -10.4407086569 ], [ -36.483759558300001, -10.4367298645 ], [ -36.489274851200001, -10.4235686972 ], [ -36.487075927799999, -10.4224895535 ], [ -36.487054688199997, -10.4224771819 ], [ -36.463191717900003, -10.4063067055 ], [ -36.456517826199999, -10.4069224521 ], [ -36.443268310900002, -10.4175911503 ], [ -36.437591184, -10.417998687800001 ], [ -36.430121115399999, -10.424880718400001 ], [ -36.417043553500001, -10.453611195500001 ], [ -36.404909763900001, -10.4812668021 ], [ -36.404761061099997, -10.481825113499999 ], [ -36.393539929100001, -10.4999124275 ], [ -36.393530858200002, -10.5036248544 ], [ -36.399544628, -10.5113526226 ] ] ] } },
{ "type": "Feature", "properties": { "cod_mun": "2801009", "nome": "Campo do Brito", "dre": "DRE03", "nome_dre": "DRE 03" }, "geometry": { "type": "Polygon", "coordinates": [ [ [ -37.560571526700002, -10.691311707500001 ], [ -37.5484387606, -10.696957000099999 ], [ -37.548321246599997, -10.6969301483 ], [ -37.535742876500002, -10.694104577899999 ], [ -37.5322430027, -10.688262529799999 ], [ -37.5265715731, -10.688044382699999 ], [ -37.500341653699998, -10.687648729299999 ], [ -37.499807613500003, -10.692915311 ], [ -37.495580764700001, -10.694572235500001 ], [ -37.481468210599999, -10.699837463 ], [ -37.474136913400002, -10.710058116600001 ], [ -37.463276670399999, -10.712640861500001 ], [ -37.458086640200001, -10.721012478800001 ], [ -37.451698665400002, -10.737664665800001 ], [ -37.4499940802, -10.750189991 ], [ -37.450508026500003, -10.762845549 ], [ -37.44870322, -10.7664385902 ], [ -37.452249589600001, -10.769635471699999 ], [ -37.442195076499999, -10.7763980854 ], [ -37.440872263, -10.7825996922 ], [ -37.442860805, -10.785244265799999 ], [ -37.445915779, -10.781819282400001 ], [ -37.448680815, -10.786908713100001 ], [ -37.4433036641, -10.802175052100001 ], [ -37.431159327099998, -10.8306639552 ], [ -37.426778992300001, -10.8298346691 ], [ -37.423817813799999, -10.829110029300001 ], [ -37.402697079600003, -10.8239387456 ], [ -37.404318909099999, -10.825705063699999 ], [ -37.442053558300003, -10.866766178400001 ], [ -37.456212506900002, -10.8821745007 ], [ -37.459258312, -10.879345089299999 ], [ -37.457248349499999, -10.871993424099999 ], [ -37.470997674099998, -10.8525921603 ], [ -37.477551656, -10.8588734393 ], [ -37.4830818704, -10.858049556399999 ], [ -37.480639089299999, -10.8405047376 ], [ -37.488162147899999, -10.8375125588 ], [ -37.488297070400002, -10.832743521199999 ], [ -37.493760459699999, -10.830442812799999 ], [ -37.497526599700002, -10.8325870463 ], [ -37.507132757299999, -10.8242494046 ], [ -37.5118455478, -10.8255204768 ], [ -37.524220032700001, -10.8191254498 ], [ -37.519648549700001, -10.812333256100001 ], [ -37.524190971800003, -10.809439087 ], [ -37.5239968566, -10.8092916057 ], [ -37.516662467400003, -10.803723525400001 ], [ -37.5159841376, -10.798425680699999 ], [ -37.521381515900003, -10.800173360800001 ], [ -37.519733382, -10.792224198 ], [ -37.5226210529, -10.7937865227 ], [ -37.5297713641, -10.7903909432 ], [ -37.527875002099996, -10.7840870317 ], [ -37.5346998419, -10.7822140867 ], [ -37.535829284400002, -10.784451409500001 ], [ -37.5434093004, -10.779876656800001 ], [ -37.549534479199998, -10.783315607900001 ], [ -37.558399890600001, -10.7783941074 ], [ -37.561051642099997, -10.775273759199999 ], [ -37.565860849, -10.7673970786 ], [ -37.562605623499998, -10.760609848 ], [ -37.559671123699999, -10.756892895 ], [ -37.564350633, -10.7510176505 ], [ -37.570170426300002, -10.743710624 ], [ -37.587451045800002, -10.720788684 ], [ -37.585874615, -10.7115596114 ], [ -37.589960177, -10.700564541 ], [ -37.595402040099998, -10.6955779232 ], [ -37.585155728300002, -10.680430172299999 ], [ -37.576733993399998, -10.6847366816 ], [ -37.5738683927, -10.689834082200001 ], [ -37.560571526700002, -10.691311707500001 ] ] ] } },
{ "type": "Feature", "properties": { "cod_mun": "2801108", "nome": "Canhoba", "dre": "DRE06", "nome_dre": "DRE 06" }, "geometry": { "type": "Polygon", "coordinates": [ [ [ -36.930233314600002, -10.105343291100001 ], [ -36.921220778, -10.127885855500001 ], [ -36.923702202599998, -10.1293145218 ], [ -36.925637330900003, -10.127722347900001 ], [ -36.934400852099998, -10.1205129858 ], [ -36.939755201600001, -10.1579603687 ], [ -36.939995703500003, -10.1619911185 ], [ -36.943082504700001, -10.2271153513 ], [ -36.958407176800002, -10.233993995800001 ], [ -36.9608470485, -10.2352352628 ], [ -36.962632782100002, -10.229897013900001 ], [ -36.971252309100002, -10.2041194434 ], [ -36.983180251100002, -10.195217901 ], [ -36.9944523371, -10.1771723557 ], [ -37.016560340399998, -10.190584768500001 ], [ -37.057056594800002, -10.1806614396 ], [ -37.057177001600003, -10.180631825300001 ], [ -37.057577240599997, -10.1805648918 ], [ -37.151600229700001, -10.1648070276 ], [ -37.1464077571, -10.1630860892 ], [ -37.089932537, -10.144364168 ], [ -37.064620227799999, -10.135972644100001 ], [ -37.055207389800003, -10.126774832500001 ], [ -37.046718530299998, -10.124491709300001 ], [ -37.043720662699997, -10.1328925739 ], [ -37.040229818500002, -10.1324974409 ], [ -37.040400624599997, -10.1370066011 ], [ -37.032108280400003, -10.132256608900001 ], [ -37.0283304417, -10.1211412844 ], [ -37.0159499305, -10.109731848599999 ], [ -37.008130303400002, -10.1038335873 ], [ -36.990213653799998, -10.0828080888 ], [ -36.985101972099997, -10.081191865399999 ], [ -36.953563136, -10.071221641799999 ], [ -36.951918938799999, -10.074361596499999 ], [ -36.950476499600001, -10.077114034699999 ], [ -36.946757641200001, -10.0861223953 ], [ -36.930233314600002, -10.105343291100001 ] ] ] } },
{ "type": "Feature", "properties": { "cod_mun": "2801207", "nome": "Canindé de São Francisco", "dre": "DRE09", "nome_dre": "DRE 09" }, "geometry": { "type": "Polygon", "coordinates": [ [ [ -37.955945276400001, -9.5336604133 ], [ -37.9167940962, -9.5485317462 ], [ -37.8937923445, -9.539104894899999 ], [ -37.885820597299997, -9.5497443437 ], [ -37.841877132100002, -9.5789940406 ], [ -37.837188064499998, -9.582859845 ], [ -37.832761767599997, -9.5944635199 ], [ -37.8234263724, -9.590873705 ], [ -37.817899581, -9.5924710065 ], [ -37.806719327800003, -9.6096817064 ], [ -37.792751643899997, -9.620184822100001 ], [ -37.787337188400002, -9.6326191712 ], [ -37.784739755700002, -9.638196989300001 ], [ -37.778328225499997, -9.638295941299999 ], [ -37.746527002599997, -9.625323550499999 ], [ -37.736702123900002, -9.626566626700001 ], [ -37.711420444799998, -9.630875919899999 ], [ -37.686530523199998, -9.644158725800001 ], [ -37.680466483, -9.647613679799999 ], [ -37.670504237, -9.6562190393 ], [ -37.666130829799997, -9.6656203398 ], [ -37.748543696900001, -9.6842746159 ], [ -37.781098957600001, -9.691641715899999 ], [ -37.781615929499999, -9.6917584503 ], [ -37.821433527799996, -9.7007678022 ], [ -37.822800404, -9.701077357899999 ], [ -37.830647224700002, -9.7028523422 ], [ -37.833545294399997, -9.709511082100001 ], [ -37.843123993900001, -9.7478936135 ], [ -37.840718898299997, -9.7616924055 ], [ -37.854153169299998, -9.782814759 ], [ -37.853958085400002, -9.783694564499999 ], [ -37.854043796200003, -9.7955639547 ], [ -37.859096401099997, -9.800920556299999 ], [ -37.868670498900002, -9.841214139 ], [ -37.863657322199998, -9.8470134497 ], [ -37.868175371699998, -9.8542046076 ], [ -37.869072165799999, -9.866008798299999 ], [ -37.867816489799999, -9.897660931300001 ], [ -37.882425448699998, -9.9104999279 ], [ -37.886829002799999, -9.913346778099999 ], [ -37.896998259, -9.912609975300001 ], [ -37.900296141399998, -9.920199189 ], [ -37.919902985, -9.935472319600001 ], [ -37.925187330299998, -9.9434830578 ], [ -37.926126307499999, -9.9533909138 ], [ -37.936329348599998, -9.9655937876 ], [ -37.949196122799997, -9.971031696100001 ], [ -37.9571147658, -9.970858124799999 ], [ -37.967984504900002, -9.962360050499999 ], [ -37.987572016599998, -9.921411903199999 ], [ -37.9973050527, -9.9162882192 ], [ -37.997418318100003, -9.910380141699999 ], [ -37.991468751100001, -9.902202240799999 ], [ -37.9853564593, -9.889436504100001 ], [ -37.982193054, -9.8683724611 ], [ -37.9763639982, -9.8600917713 ], [ -37.972583799900001, -9.847704026400001 ], [ -37.976237297899999, -9.841673447 ], [ -37.9742524093, -9.829615649 ], [ -37.966078273500003, -9.8194665609 ], [ -37.966321649500003, -9.8156279934 ], [ -37.973038221300001, -9.814041617499999 ], [ -37.997384254499998, -9.802925207199999 ], [ -38.016798235899998, -9.7869946247 ], [ -38.019767262800002, -9.7775447598 ], [ -38.027852316800001, -9.7756542048 ], [ -38.031214291600001, -9.7706119133 ], [ -38.029496720700003, -9.765078216 ], [ -38.033259633199997, -9.759702435099999 ], [ -38.038739849300001, -9.734074764100001 ], [ -38.039404296599997, -9.732945795299999 ], [ -38.043005258800001, -9.7118097437 ], [ -38.041471028099998, -9.6909617168 ], [ -38.039550491200004, -9.686169411 ], [ -38.024636129500003, -9.6824556588 ], [ -38.021822458899997, -9.666371508699999 ], [ -38.006658569599999, -9.6513063413 ], [ -37.996724565900003, -9.6499705356 ], [ -37.992670821300003, -9.656396360800001 ], [ -37.990016099499996, -9.6555389497 ], [ -37.990170359, -9.649964649799999 ], [ -37.987527102800001, -9.6469693441 ], [ -37.989761829300001, -9.6412406681 ], [ -38.0077399989, -9.6359961046 ], [ -38.008394543, -9.6313574359 ], [ -38.015563971299997, -9.6289634638 ], [ -38.018354275199997, -9.623132115700001 ], [ -38.034939482, -9.612222303699999 ], [ -38.040156377300001, -9.6021608839 ], [ -38.038728680200002, -9.583054649699999 ], [ -38.036488966599997, -9.5806969063 ], [ -38.040751417499997, -9.5757640971 ], [ -38.039923716099999, -9.5720259288 ], [ -38.031374296, -9.567637788500001 ], [ -38.029649151199997, -9.574049263 ], [ -38.026437141599999, -9.574455198100001 ], [ -38.019794488800002, -9.561430104399999 ], [ -38.017695747300003, -9.5519566428 ], [ -38.022694104899998, -9.548645990300001 ], [ -38.021505793400003, -9.540581699200001 ], [ -38.013537984400003, -9.534543903 ], [ -38.012797261199999, -9.527927008100001 ], [ -38.0029396276, -9.514607787499999 ], [ -37.988980014600003, -9.526936473299999 ], [ -37.955945276400001, -9.5336604133 ] ] ] } },
{ "type": "Feature", "properties": { "cod_mun": "2801306", "nome": "Capela", "dre": "DRE04", "nome_dre": "DRE 04" }, "geometry": { "type": "Polygon", "coordinates": [ [ [ -37.028705243399997, -10.3258173328 ], [ -37.0257716833, -10.3301978552 ], [ -37.018347705399997, -10.3318987372 ], [ -37.017827302500002, -10.332017430600001 ], [ -37.006157828500001, -10.3262484072 ], [ -36.999753866799999, -10.3282530207 ], [ -37.0001113541, -10.3521788316 ], [ -36.996884264, -10.3537167888 ], [ -36.984290350599998, -10.3715782585 ], [ -36.982003427499997, -10.3697346549 ], [ -36.977613194100002, -10.373121748100001 ], [ -36.9864968762, -10.3846636512 ], [ -36.9807281828, -10.394974338500001 ], [ -36.983429769799997, -10.402894977600001 ], [ -36.9740839225, -10.4178323317 ], [ -36.967199517600001, -10.4246071918 ], [ -36.963524023200002, -10.438075577699999 ], [ -36.961521802599997, -10.442432866600001 ], [ -36.953049124899998, -10.4431030361 ], [ -36.942651644199998, -10.444527448 ], [ -36.9371562579, -10.451299989300001 ], [ -36.935023833, -10.4500189228 ], [ -36.944949605799998, -10.4846744667 ], [ -36.956008019899997, -10.5233066285 ], [ -36.977430519, -10.529763114 ], [ -36.975798965899997, -10.538087304099999 ], [ -36.975722055799999, -10.538476580599999 ], [ -36.975945915700002, -10.5433190766 ], [ -36.992278980499997, -10.5888685019 ], [ -37.010771331400001, -10.640467575100001 ], [ -37.035849882699999, -10.625149910399999 ], [ -37.073295692899997, -10.615413201200001 ], [ -37.066931997099999, -10.608032017 ], [ -37.065987636199999, -10.597937459700001 ], [ -37.067869253700003, -10.591266488600001 ], [ -37.0771173256, -10.5891310578 ], [ -37.0746921876, -10.577313242100001 ], [ -37.070024046599997, -10.5730690011 ], [ -37.073583604699998, -10.5605192618 ], [ -37.06846949, -10.529291736299999 ], [ -37.069559694799999, -10.5290706303 ], [ -37.0807785732, -10.527048326799999 ], [ -37.1068406411, -10.5307270314 ], [ -37.103648508299997, -10.528375538100001 ], [ -37.102518661300003, -10.510238710299999 ], [ -37.113299799300002, -10.4922331402 ], [ -37.114553622800003, -10.4824164054 ], [ -37.1229747625, -10.4756060328 ], [ -37.137754063599999, -10.4701346055 ], [ -37.137651771800002, -10.468749880800001 ], [ -37.135215982699997, -10.4515603558 ], [ -37.118384576899999, -10.441047323699999 ], [ -37.112878657300001, -10.432871328599999 ], [ -37.111924025599997, -10.4246068272 ], [ -37.110745712400004, -10.414414991 ], [ -37.114259944499999, -10.412341573899999 ], [ -37.1178401162, -10.409686814300001 ], [ -37.110027223499998, -10.4047798905 ], [ -37.112714562800001, -10.4009863883 ], [ -37.107146597, -10.4000020138 ], [ -37.118157159799999, -10.4000377997 ], [ -37.117986522400003, -10.388397635900001 ], [ -37.131691287, -10.3838308017 ], [ -37.124563406599997, -10.37518786 ], [ -37.118764217299997, -10.368253141 ], [ -37.111530554399998, -10.3730068739 ], [ -37.109369356599998, -10.369433981 ], [ -37.102158795199998, -10.369209119 ], [ -37.097339880200003, -10.3620490506 ], [ -37.099115240899998, -10.359685042700001 ], [ -37.089740711499999, -10.357849519 ], [ -37.085091092600003, -10.3469893341 ], [ -37.078487834, -10.34579232 ], [ -37.076634652700001, -10.338938219499999 ], [ -37.062275145900003, -10.3286554088 ], [ -37.0523676826, -10.3404262959 ], [ -37.038657738799998, -10.3270852724 ], [ -37.034121044700001, -10.328526026900001 ], [ -37.028705243399997, -10.3258173328 ] ] ] } },
{ "type": "Feature", "properties": { "cod_mun": "2801405", "nome": "Carira", "dre": "DRE03", "nome_dre": "DRE 03" }, "geometry": { "type": "Polygon", "coordinates": [ [ [ -37.7001625451, -10.1927203875 ], [ -37.700749510500003, -10.2007290567 ], [ -37.695100787, -10.2071716963 ], [ -37.6886636594, -10.2036104419 ], [ -37.681424139599997, -10.2081036968 ], [ -37.681196015, -10.2083417579 ], [ -37.6734665603, -10.2059912433 ], [ -37.653488622099999, -10.218375309500001 ], [ -37.648468340800001, -10.225220996499999 ], [ -37.623160898199998, -10.243802926400001 ], [ -37.616339161500001, -10.240216480200001 ], [ -37.613206168700003, -10.2491024265 ], [ -37.606364429700001, -10.239506626500001 ], [ -37.599957440399997, -10.242663010399999 ], [ -37.600763871200002, -10.246896960500001 ], [ -37.596241678699997, -10.2503890881 ], [ -37.611083461600003, -10.277065995199999 ], [ -37.588821562299998, -10.3120929645 ], [ -37.588766702100003, -10.31217907 ], [ -37.577626685200002, -10.3299175827 ], [ -37.575185380800001, -10.3708720127 ], [ -37.6224493283, -10.4101551608 ], [ -37.626972319300002, -10.4149312029 ], [ -37.680728950499997, -10.4804329155 ], [ -37.723985573, -10.508612445400001 ], [ -37.724910896399997, -10.5092156152 ], [ -37.730916861, -10.5157046922 ], [ -37.772502251, -10.506176629800001 ], [ -37.779255711099999, -10.5105665745 ], [ -37.797375012, -10.508690807100001 ], [ -37.8086960264, -10.5126230871 ], [ -37.815294386300003, -10.516963753800001 ], [ -37.816680832400003, -10.512659985 ], [ -37.812702740699997, -10.508054317799999 ], [ -37.8169647637, -10.5035135651 ], [ -37.820712646799997, -10.4842237072 ], [ -37.849005558, -10.4426556638 ], [ -37.858547304200002, -10.429775277399999 ], [ -37.850825449200002, -10.415662647 ], [ -37.852862462399997, -10.406060719099999 ], [ -37.8369392273, -10.400599624 ], [ -37.842183239900002, -10.3980725697 ], [ -37.840280745699999, -10.389471174800001 ], [ -37.833247293299998, -10.3849155824 ], [ -37.8386416544, -10.378781633299999 ], [ -37.833728664900001, -10.3796885159 ], [ -37.830349944600002, -10.3745418557 ], [ -37.823737870499997, -10.3775700367 ], [ -37.821711410600003, -10.3718887329 ], [ -37.812680144600002, -10.3657790624 ], [ -37.807354614899999, -10.3662248339 ], [ -37.787267837, -10.3540553112 ], [ -37.785325702500003, -10.3483041441 ], [ -37.776238185700002, -10.343812333600001 ], [ -37.762183782500003, -10.343999975199999 ], [ -37.743230568199998, -10.3373219274 ], [ -37.734526859, -10.332378569499999 ], [ -37.740997024400002, -10.3175031898 ], [ -37.741176931799998, -10.3169169798 ], [ -37.765354257799999, -10.1957896722 ], [ -37.754879647800003, -10.200283836400001 ], [ -37.716985584200003, -10.1874715103 ], [ -37.7001625451, -10.1927203875 ] ] ] } },
{ "type": "Feature", "properties": { "cod_mun": "2801504", "nome": "Carmópolis", "dre": "DRE04", "nome_dre": "DRE 04" }, "geometry": { "type": "Polygon", "coordinates": [ [ [ -36.908954885599996, -10.6776717107 ], [ -36.900188962199998, -10.6933155954 ], [ -36.902698460400003, -10.691867955299999 ], [ -36.905394184599999, -10.6974476558 ], [ -36.911933923900001, -10.700220548100001 ], [ -36.912254568400002, -10.7048043051 ], [ -36.9149445173, -10.6998640682 ], [ -36.919270010300004, -10.7010599122 ], [ -36.917192927800002, -10.6858160116 ], [ -36.943058892300002, -10.685342460299999 ], [ -36.9819222068, -10.682791765499999 ], [ -36.987680765900002, -10.681313778 ], [ -37.010972757200001, -10.6753309832 ], [ -37.010771331400001, -10.640467575100001 ], [ -36.991604593600002, -10.6311975764 ], [ -36.980630451, -10.630877655200001 ], [ -36.9685470513, -10.6305248252 ], [ -36.970155062400003, -10.637452712 ], [ -36.9608213685, -10.649898992900001 ], [ -36.933770758, -10.6541250161 ], [ -36.929567635700003, -10.669753308400001 ], [ -36.923207002600002, -10.676434022800001 ], [ -36.908954885599996, -10.6776717107 ] ] ] } },
{ "type": "Feature", "properties": { "cod_mun": "2801603", "nome": "Cedro de São João", "dre": "DRE06", "nome_dre": "DRE 06" }, "geometry": { "type": "Polygon", "coordinates": [ [ [ -36.855573305199997, -10.278108363299999 ], [ -36.874964869599999, -10.2966953222 ], [ -36.880570862699997, -10.296415831 ], [ -36.885859878600002, -10.3003949557 ], [ -36.902321381, -10.3237821986 ], [ -36.932227985099999, -10.308128745599999 ], [ -36.935542830499998, -10.306251998700001 ], [ -36.933383576300002, -10.2757169723 ], [ -36.9520319935, -10.266091578099999 ], [ -36.928686756499999, -10.2224001916 ], [ -36.899060335199998, -10.2255123853 ], [ -36.887747204100002, -10.226318686200001 ], [ -36.867367996900001, -10.2277699864 ], [ -36.851426431500002, -10.237793181200001 ], [ -36.848160241800002, -10.2398470532 ], [ -36.844108986499997, -10.261474756 ], [ -36.855573305199997, -10.278108363299999 ] ] ] } },
{ "type": "Feature", "properties": { "cod_mun": "2801702", "nome": "Cristinápolis", "dre": "DRE01", "nome_dre": "DRE 01" }, "geometry": { "type": "Polygon", "coordinates": [ [ [ -37.720143915, -11.4072136381 ], [ -37.703905352299998, -11.4164707884 ], [ -37.703769044300003, -11.416839040799999 ], [ -37.702319417, -11.4207600097 ], [ -37.692826853299998, -11.424603873 ], [ -37.691457021399998, -11.432441821499999 ], [ -37.685562726199997, -11.4344398505 ], [ -37.682413486900003, -11.443649174500001 ], [ -37.676528497, -11.446370297 ], [ -37.671849657800003, -11.456673818500001 ], [ -37.677139163500001, -11.4725284176 ], [ -37.660277876599999, -11.484919012800001 ], [ -37.653494393599999, -11.4789784142 ], [ -37.6523591634, -11.4821387417 ], [ -37.646049279899998, -11.486456217700001 ], [ -37.644729550100003, -11.498567831500001 ], [ -37.648385760300002, -11.4995364131 ], [ -37.645606554300002, -11.503209656499999 ], [ -37.636740776499998, -11.501286735100001 ], [ -37.636120084200002, -11.512147279100001 ], [ -37.631577977500001, -11.5183465898 ], [ -37.636733835, -11.5175195829 ], [ -37.643532312600001, -11.5237862635 ], [ -37.651350410500001, -11.517848347199999 ], [ -37.653464861300002, -11.5287977027 ], [ -37.657117108, -11.5327904507 ], [ -37.664555667899997, -11.532785563499999 ], [ -37.661505079100003, -11.5430062188 ], [ -37.672222147600003, -11.559001412800001 ], [ -37.669811925399998, -11.563579861699999 ], [ -37.673169589899999, -11.5682020899 ], [ -37.684344337900001, -11.5615660057 ], [ -37.687822059699997, -11.565764405 ], [ -37.700053039399997, -11.561897912399999 ], [ -37.695450004, -11.5489798468 ], [ -37.6961594363, -11.5445908626 ], [ -37.702485981300001, -11.539913909599999 ], [ -37.711913436300001, -11.552242504100001 ], [ -37.719040134799997, -11.5496213823 ], [ -37.727628866, -11.5523112834 ], [ -37.7307021377, -11.5370789486 ], [ -37.748182034400003, -11.5379912337 ], [ -37.759246455800003, -11.524528699899999 ], [ -37.7629880243, -11.5242306086 ], [ -37.762864901599997, -11.5280468575 ], [ -37.770323039899999, -11.531006444899999 ], [ -37.774644363699998, -11.524019045499999 ], [ -37.790786133899999, -11.5233017998 ], [ -37.794729112600002, -11.518141983 ], [ -37.800433697300001, -11.5200260237 ], [ -37.811958184200002, -11.5155984195 ], [ -37.8192021602, -11.5012286107 ], [ -37.818152363499998, -11.498871707799999 ], [ -37.812846187600002, -11.500889192400001 ], [ -37.808626497200002, -11.4964961393 ], [ -37.815904868, -11.4915581938 ], [ -37.8245202568, -11.491248287499999 ], [ -37.832714298299997, -11.4826041511 ], [ -37.810768769799999, -11.421778525800001 ], [ -37.80699545, -11.4118858193 ], [ -37.746927429199999, -11.4115627978 ], [ -37.735610629599996, -11.407904382 ], [ -37.729742663700002, -11.4013560651 ], [ -37.723473731299997, -11.3990320836 ], [ -37.720143915, -11.4072136381 ] ] ] } },
{ "type": "Feature", "properties": { "cod_mun": "2801900", "nome": "Cumbe", "dre": "DRE05", "nome_dre": "DRE 05" }, "geometry": { "type": "Polygon", "coordinates": [ [ [ -37.214221479800003, -10.299972010799999 ], [ -37.210626484499997, -10.3000135415 ], [ -37.209566878, -10.29593319 ], [ -37.206812583400001, -10.2994749702 ], [ -37.2001219275, -10.296482513200001 ], [ -37.193375471400003, -10.302989334899999 ], [ -37.185582692600001, -10.3014838695 ], [ -37.181501319799999, -10.3074235818 ], [ -37.171908662200003, -10.311337683 ], [ -37.168750439199997, -10.3207962857 ], [ -37.172313806799998, -10.3242474121 ], [ -37.166276350099999, -10.32774947 ], [ -37.168496001, -10.3333149053 ], [ -37.174421056600004, -10.3342755835 ], [ -37.171175818199998, -10.3377723479 ], [ -37.173436244199998, -10.338769238399999 ], [ -37.167599785299998, -10.342147240799999 ], [ -37.163494037299998, -10.339853614600001 ], [ -37.153488936800002, -10.3474316831 ], [ -37.157454224699997, -10.3501510603 ], [ -37.153109232799999, -10.358258749 ], [ -37.158996826399999, -10.361555408 ], [ -37.158444784499999, -10.3655109142 ], [ -37.153385342100002, -10.363915951499999 ], [ -37.152573128, -10.3673291906 ], [ -37.145884205, -10.3619609863 ], [ -37.146872004899997, -10.3661292517 ], [ -37.143651525, -10.3669096923 ], [ -37.144056873899999, -10.3617352633 ], [ -37.139553908, -10.3628750987 ], [ -37.140075314299999, -10.360228401400001 ], [ -37.134994525099998, -10.358807820799999 ], [ -37.128417201200001, -10.3716800491 ], [ -37.125750794200002, -10.3716959087 ], [ -37.127875100399997, -10.373917266899999 ], [ -37.124563406599997, -10.37518786 ], [ -37.131691287, -10.3838308017 ], [ -37.117986522400003, -10.388397635900001 ], [ -37.118157159799999, -10.4000377997 ], [ -37.107146597, -10.4000020138 ], [ -37.112714562800001, -10.4009863883 ], [ -37.110027223499998, -10.4047798905 ], [ -37.1178401162, -10.409686814300001 ], [ -37.118457818499998, -10.4090353451 ], [ -37.1213705921, -10.4053825006 ], [ -37.128202226399999, -10.4108374383 ], [ -37.132129935400002, -10.406194147700001 ], [ -37.144148546899999, -10.419961857300001 ], [ -37.148035187600001, -10.416162257 ], [ -37.152247782700002, -10.417979814600001 ], [ -37.151223615600003, -10.4143201113 ], [ -37.157239074099998, -10.410950056600001 ], [ -37.161971334100002, -10.4107598723 ], [ -37.169155683, -10.4175249432 ], [ -37.175012400599996, -10.414676353200001 ], [ -37.180617272, -10.415578742199999 ], [ -37.189591479100002, -10.406389320900001 ], [ -37.206632598299997, -10.4018011202 ], [ -37.2096720877, -10.395202122100001 ], [ -37.210911845, -10.3925106657 ], [ -37.211325596199998, -10.392136948899999 ], [ -37.223485542600002, -10.381163915 ], [ -37.225135919400003, -10.379849335499999 ], [ -37.228039815199999, -10.3764510729 ], [ -37.2280706966, -10.3759207667 ], [ -37.232360589700001, -10.3630669858 ], [ -37.239427661800001, -10.358820785600001 ], [ -37.239359004100002, -10.3410559828 ], [ -37.248906672899999, -10.318081684199999 ], [ -37.235149088900002, -10.305332716 ], [ -37.235159053399997, -10.3013660274 ], [ -37.2371125011, -10.300494286399999 ], [ -37.242345243700001, -10.293121680100001 ], [ -37.2413118805, -10.2868964659 ], [ -37.2558285506, -10.2796896133 ], [ -37.257884534600002, -10.26773082 ], [ -37.292673831800002, -10.255316135099999 ], [ -37.261135033099997, -10.237230825499999 ], [ -37.260867928499998, -10.237946818399999 ], [ -37.2494971303, -10.256711274900001 ], [ -37.2422798128, -10.2623544892 ], [ -37.235673847, -10.2739300027 ], [ -37.236501753399999, -10.2795659851 ], [ -37.231179881300001, -10.283320764100001 ], [ -37.225013536900001, -10.2966739409 ], [ -37.214221479800003, -10.299972010799999 ] ] ] } },
{ "type": "Feature", "properties": { "cod_mun": "2802007", "nome": "Divina Pastora", "dre": "DRE04", "nome_dre": "DRE 04" }, "geometry": { "type": "Polygon", "coordinates": [ [ [ -37.206926888, -10.607162241 ], [ -37.1775573038, -10.625045313499999 ], [ -37.150152024599997, -10.620417975700001 ], [ -37.1585605593, -10.627357888300001 ], [ -37.143038981899998, -10.624798692300001 ], [ -37.1456849319, -10.6360176815 ], [ -37.142021143400001, -10.6441153136 ], [ -37.133737836800002, -10.650762799 ], [ -37.114515017800002, -10.646973196199999 ], [ -37.0986444113, -10.643844826700001 ], [ -37.093965269900004, -10.638180737400001 ], [ -37.092497302399998, -10.640874757700001 ], [ -37.088772110100003, -10.6478286969 ], [ -37.090318672099997, -10.6547038842 ], [ -37.115156130300001, -10.684499779199999 ], [ -37.121111735600003, -10.7019969137 ], [ -37.142223160500002, -10.7000385884 ], [ -37.146496330600002, -10.719421981 ], [ -37.151846148099999, -10.7221980199 ], [ -37.153718052899997, -10.7258872786 ], [ -37.151026000400002, -10.732594952 ], [ -37.150716918299999, -10.738113632499999 ], [ -37.1579837333, -10.741844049799999 ], [ -37.1570700997, -10.746818787800001 ], [ -37.161026688900002, -10.750988832799999 ], [ -37.163532005199997, -10.743358838 ], [ -37.1606239921, -10.736258745100001 ], [ -37.171406974, -10.733939700100001 ], [ -37.167910601199999, -10.7270027891 ], [ -37.174918206400001, -10.723396427300001 ], [ -37.180575923399999, -10.7180520635 ], [ -37.185290875900002, -10.7239347525 ], [ -37.187250761400001, -10.7253417056 ], [ -37.193695343900004, -10.7283865944 ], [ -37.2074092521, -10.725081725800001 ], [ -37.199655373799999, -10.720132811699999 ], [ -37.203121064500003, -10.716073898199999 ], [ -37.202159397599999, -10.7103646619 ], [ -37.206620114800003, -10.7062040646 ], [ -37.203141784099998, -10.6976444484 ], [ -37.196693841699997, -10.692348699 ], [ -37.199502155, -10.6893600794 ], [ -37.199361865500002, -10.6767367939 ], [ -37.192647795799999, -10.676489180500001 ], [ -37.190581848199997, -10.6686977984 ], [ -37.193661113499999, -10.667644431599999 ], [ -37.190222883899999, -10.663514750399999 ], [ -37.1894759017, -10.6576955994 ], [ -37.180951176599997, -10.654669869799999 ], [ -37.1836603076, -10.6486720041 ], [ -37.181451197400001, -10.641362237799999 ], [ -37.185036928899997, -10.640312116 ], [ -37.193307068800003, -10.626822497599999 ], [ -37.203027066700002, -10.628020815299999 ], [ -37.204696232499998, -10.624459185099999 ], [ -37.202501855400001, -10.614176091299999 ], [ -37.206926888, -10.607162241 ] ] ] } },
{ "type": "Feature", "properties": { "cod_mun": "2802106", "nome": "Estância", "dre": "DRE01", "nome_dre": "DRE 01" }, "geometry": { "type": "Polygon", "coordinates": [ [ [ -37.337509683500002, -11.166356546099999 ], [ -37.341840936399997, -11.175104560099999 ], [ -37.345596930399999, -11.1759813676 ], [ -37.348326056600001, -11.1928798397 ], [ -37.349335973499997, -11.196699561599999 ], [ -37.340304910500002, -11.206746560199999 ], [ -37.330253736800003, -11.214147468 ], [ -37.332153252600001, -11.218440204 ], [ -37.327535814299999, -11.2219773787 ], [ -37.330860316200003, -11.230873235900001 ], [ -37.3289924089, -11.236752603899999 ], [ -37.3131169742, -11.247994952699999 ], [ -37.312240575899999, -11.249040082900001 ], [ -37.2821160556, -11.2729619879 ], [ -37.260883197200002, -11.288404740700001 ], [ -37.280609227, -11.319558780099999 ], [ -37.292781784799999, -11.3445907237 ], [ -37.318934305600003, -11.4265020713 ], [ -37.325309926700001, -11.43140289 ], [ -37.329610127599999, -11.444666463300001 ], [ -37.340800107900002, -11.4418994764 ], [ -37.352382121700003, -11.4419832709 ], [ -37.372906540700001, -11.4541914482 ], [ -37.400669103600002, -11.434174431900001 ], [ -37.400896516700001, -11.4338561649 ], [ -37.402718477500002, -11.4313110165 ], [ -37.408359310500003, -11.423428961899999 ], [ -37.408414255499999, -11.423170025899999 ], [ -37.4098220463, -11.410404361599999 ], [ -37.405960523899999, -11.3926735078 ], [ -37.388236698100002, -11.3692961898 ], [ -37.388319244199998, -11.354526637299999 ], [ -37.377486264799998, -11.3370225612 ], [ -37.386950821900001, -11.319351324699999 ], [ -37.399401787199999, -11.313410101300001 ], [ -37.407434619, -11.3008723617 ], [ -37.421914347799998, -11.3019455157 ], [ -37.4259497631, -11.3069376019 ], [ -37.4462078233, -11.2933419301 ], [ -37.451792424700002, -11.301009965 ], [ -37.452221066699998, -11.3012088063 ], [ -37.462066294400003, -11.310557966899999 ], [ -37.487759745799998, -11.303087619899999 ], [ -37.502119024099997, -11.303809836699999 ], [ -37.523236952200001, -11.299609011399999 ], [ -37.5241762323, -11.2928547653 ], [ -37.520802412899997, -11.291394524499999 ], [ -37.515685900400001, -11.288630982100001 ], [ -37.5066527587, -11.273781492299999 ], [ -37.514143402599998, -11.271905411300001 ], [ -37.515097799199999, -11.265239301799999 ], [ -37.523424131500001, -11.2581629406 ], [ -37.526252465699997, -11.254231642300001 ], [ -37.524100247900002, -11.242222311500001 ], [ -37.528719041700001, -11.2419755582 ], [ -37.529781371799999, -11.2370819675 ], [ -37.524957311900003, -11.231775883899999 ], [ -37.525473152700002, -11.226844589 ], [ -37.5325395343, -11.227495509400001 ], [ -37.537577356699998, -11.2189431977 ], [ -37.532196433800003, -11.1972461783 ], [ -37.536478293400002, -11.188446066099999 ], [ -37.543331278099998, -11.1884608717 ], [ -37.547235594100002, -11.1821248388 ], [ -37.550166106500001, -11.185308899100001 ], [ -37.554265698599998, -11.1834162649 ], [ -37.556392857500001, -11.178291745299999 ], [ -37.549505466399999, -11.1727010229 ], [ -37.5466006495, -11.166363368400001 ], [ -37.501094024, -11.1557765181 ], [ -37.499481832299999, -11.1554013035 ], [ -37.487513487100003, -11.1526166899 ], [ -37.458629761200001, -11.145895275699999 ], [ -37.436941583500001, -11.126396849200001 ], [ -37.434870585200002, -11.1173774389 ], [ -37.438726365699999, -11.115612428 ], [ -37.437054092499999, -11.1112348046 ], [ -37.432182631, -11.1101546232 ], [ -37.430026560199998, -11.104887490799999 ], [ -37.438249761199998, -11.0965817286 ], [ -37.437860346500003, -11.086569024399999 ], [ -37.422093216500002, -11.0757828374 ], [ -37.388971853100003, -11.053125125299999 ], [ -37.3888824669, -11.053291786500001 ], [ -37.384560655, -11.054939988499999 ], [ -37.378441978, -11.068788550700001 ], [ -37.369913442799998, -11.071554047499999 ], [ -37.3655283115, -11.077661475599999 ], [ -37.357344871700001, -11.087931190799999 ], [ -37.350538011099999, -11.090629111 ], [ -37.336943227799999, -11.112415908199999 ], [ -37.339308013299998, -11.128312810900001 ], [ -37.331394704300003, -11.138107203 ], [ -37.332143516800002, -11.1472110438 ], [ -37.338710668700003, -11.1520620531 ], [ -37.338869926199997, -11.161502704 ], [ -37.337509683500002, -11.166356546099999 ] ] ] } },
{ "type": "Feature", "properties": { "cod_mun": "2802205", "nome": "Feira Nova", "dre": "DRE05", "nome_dre": "DRE 05" }, "geometry": { "type": "Polygon", "coordinates": [ [ [ -37.2558285506, -10.2796896133 ], [ -37.2413118805, -10.2868964659 ], [ -37.242345243700001, -10.293121680100001 ], [ -37.2371125011, -10.300494286399999 ], [ -37.243598627700003, -10.297598905699999 ], [ -37.254311201599997, -10.304749147400001 ], [ -37.264838526600002, -10.3031745803 ], [ -37.273679131199998, -10.3060651215 ], [ -37.272559292899999, -10.3086083549 ], [ -37.270076519100002, -10.3142458807 ], [ -37.279584268800001, -10.311367048699999 ], [ -37.2862040268, -10.313625809199999 ], [ -37.287262055100001, -10.318911327 ], [ -37.294669658099998, -10.319626447499999 ], [ -37.297075406300003, -10.3252973714 ], [ -37.302400508600002, -10.327831941199999 ], [ -37.301028694800003, -10.3329596413 ], [ -37.308511133099998, -10.3473683982 ], [ -37.317639826300002, -10.3512526382 ], [ -37.3162285692, -10.358559999900001 ], [ -37.325796908199997, -10.365612159499999 ], [ -37.326064505300003, -10.374574578100001 ], [ -37.334290546399998, -10.378722619099999 ], [ -37.3433505725, -10.378099646500001 ], [ -37.345105664599998, -10.3802113507 ], [ -37.340866871899998, -10.383798863599999 ], [ -37.348592223600001, -10.384112805299999 ], [ -37.349600281100003, -10.3761198946 ], [ -37.349611741499999, -10.376060468 ], [ -37.349271321, -10.371220237899999 ], [ -37.356380832299998, -10.368422062800001 ], [ -37.353627204200002, -10.362653868800001 ], [ -37.351041907700001, -10.3646486508 ], [ -37.3449482471, -10.3624663745 ], [ -37.344534753399998, -10.357973937900001 ], [ -37.349909765900001, -10.355352739200001 ], [ -37.349876171600002, -10.346496732 ], [ -37.359215320300002, -10.3444971401 ], [ -37.360381118399999, -10.3362881151 ], [ -37.3559475068, -10.3339456178 ], [ -37.362533843599998, -10.3288070713 ], [ -37.3688064161, -10.330026635699999 ], [ -37.3713421709, -10.327377391600001 ], [ -37.373310023499997, -10.3299758484 ], [ -37.377851405100003, -10.3169138413 ], [ -37.382420640299998, -10.315370998800001 ], [ -37.387519746499997, -10.3195139564 ], [ -37.391346709600001, -10.3172915845 ], [ -37.385163195200001, -10.3085876898 ], [ -37.38725478, -10.3047193201 ], [ -37.386598428299997, -10.2930510194 ], [ -37.389348033200001, -10.2938858608 ], [ -37.393764344300003, -10.288221221100001 ], [ -37.390424437100002, -10.2731724175 ], [ -37.394042140300002, -10.2595741438 ], [ -37.3982069654, -10.255315672 ], [ -37.390886120600001, -10.237823948899999 ], [ -37.384290440699999, -10.217863573 ], [ -37.360926871300002, -10.214540973 ], [ -37.336082641899999, -10.211006559099999 ], [ -37.331967678, -10.210421119699999 ], [ -37.261135033099997, -10.237230825499999 ], [ -37.292673831800002, -10.255316135099999 ], [ -37.257884534600002, -10.26773082 ], [ -37.2558285506, -10.2796896133 ] ] ] } },
{ "type": "Feature", "properties": { "cod_mun": "2802304", "nome": "Frei Paulo", "dre": "DRE03", "nome_dre": "DRE 03" }, "geometry": { "type": "Polygon", "coordinates": [ [ [ -37.505741344800001, -10.6200760691 ], [ -37.530113765199999, -10.6453676571 ], [ -37.558227226500001, -10.619020062800001 ], [ -37.612099902300002, -10.609311160400001 ], [ -37.629815983500002, -10.6061154808 ], [ -37.640861854100002, -10.604122415100001 ], [ -37.649454067, -10.5912342807 ], [ -37.674638797900002, -10.5534357955 ], [ -37.6882840687, -10.532942504699999 ], [ -37.724910896399997, -10.5092156152 ], [ -37.723985573, -10.508612445400001 ], [ -37.680728950499997, -10.4804329155 ], [ -37.626972319300002, -10.4149312029 ], [ -37.6224493283, -10.4101551608 ], [ -37.575185380800001, -10.3708720127 ], [ -37.557970688399998, -10.443625278400001 ], [ -37.548080642099997, -10.461055549399999 ], [ -37.547975484399998, -10.461240934199999 ], [ -37.547404652099999, -10.462036807200001 ], [ -37.510670632299998, -10.505586189500001 ], [ -37.5062441854, -10.515143485699999 ], [ -37.500228940500001, -10.528130278100001 ], [ -37.499194929, -10.529623923 ], [ -37.473993207100001, -10.5660196405 ], [ -37.473940555699997, -10.566095298800001 ], [ -37.489173181399998, -10.5919495257 ], [ -37.499008894699998, -10.608646869799999 ], [ -37.505741344800001, -10.6200760691 ] ] ] } },
{ "type": "Feature", "properties": { "cod_mun": "2802403", "nome": "Gararu", "dre": "DRE07", "nome_dre": "DRE 07" }, "geometry": { "type": "Polygon", "coordinates": [ [ [ -37.132302441599997, -9.9133743141 ], [ -37.080332597100004, -9.960857813600001 ], [ -37.074735811300002, -9.9662615384 ], [ -37.064903824, -9.9752970893 ], [ -37.062203424499998, -9.977444584200001 ], [ -37.061463487, -9.9780327665 ], [ -37.043869470600001, -9.988266228 ], [ -37.029575551800001, -9.985864708099999 ], [ -37.005176745299998, -9.975800935500001 ], [ -36.994539599699998, -9.9749458149 ], [ -36.967263249799998, -9.9924559452 ], [ -36.958743505199998, -10.010698293600001 ], [ -36.958098525799997, -10.0125037268 ], [ -36.957532976300001, -10.014088294800001 ], [ -36.957501908600001, -10.0141735472 ], [ -36.957171789299998, -10.0150988764 ], [ -36.956070906299999, -10.023190769899999 ], [ -36.956071131500003, -10.023271486700001 ], [ -36.957800759, -10.0237523641 ], [ -36.965412277799999, -10.0258679262 ], [ -37.006363326399999, -10.037252694199999 ], [ -37.026759342299997, -10.0542575854 ], [ -37.060654487100003, -10.0609724571 ], [ -37.061681521499999, -10.0611201632 ], [ -37.102336833499997, -10.0505853628 ], [ -37.102931273499998, -10.055322138399999 ], [ -37.111450783800002, -10.051154070200001 ], [ -37.1276592177, -10.056858652200001 ], [ -37.130740342800003, -10.053674282399999 ], [ -37.138095661100003, -10.0564755037 ], [ -37.139017408400001, -10.052724111 ], [ -37.146369888400002, -10.0509024645 ], [ -37.159460487899999, -10.052268035599999 ], [ -37.172778360099997, -10.048952550799999 ], [ -37.179985567099997, -10.034111881599999 ], [ -37.189888637199999, -10.027924515700001 ], [ -37.196291498, -10.026075218200001 ], [ -37.192397988800003, -10.0306728292 ], [ -37.1882737408, -10.030646815600001 ], [ -37.190309148300003, -10.033564957699999 ], [ -37.186628647100001, -10.040972592699999 ], [ -37.192108187800002, -10.0494302035 ], [ -37.1853401459, -10.0546967963 ], [ -37.1885639574, -10.0569920362 ], [ -37.188902454800001, -10.0611369054 ], [ -37.197137397399999, -10.068789621900001 ], [ -37.1903592464, -10.0701997632 ], [ -37.185919279, -10.0660926475 ], [ -37.1846492078, -10.0735748548 ], [ -37.194941107200002, -10.0743017654 ], [ -37.199023614600002, -10.0810041759 ], [ -37.211277542700003, -10.076969074200001 ], [ -37.212678697699999, -10.081999553499999 ], [ -37.204822272, -10.0955754923 ], [ -37.21655913, -10.0899099118 ], [ -37.218516434100003, -10.0910490701 ], [ -37.213996731899996, -10.1018508277 ], [ -37.221749065799997, -10.0997987544 ], [ -37.228626058, -10.1002843402 ], [ -37.2321191029, -10.113828248500001 ], [ -37.230724091600003, -10.116189589199999 ], [ -37.224151933800002, -10.1116475367 ], [ -37.219748087799999, -10.1131932885 ], [ -37.226124386099997, -10.119776482 ], [ -37.222822599399997, -10.118698077099999 ], [ -37.220263049899998, -10.121853739400001 ], [ -37.221929324900003, -10.1253276364 ], [ -37.218078496899999, -10.130808528099999 ], [ -37.222643722500003, -10.1329839901 ], [ -37.2199704987, -10.1351668173 ], [ -37.219246522699997, -10.1415056654 ], [ -37.223930047899998, -10.143571598299999 ], [ -37.219583574300003, -10.149438935799999 ], [ -37.221033763599998, -10.156749212399999 ], [ -37.227926795800002, -10.152848324800001 ], [ -37.230325355700003, -10.1587473613 ], [ -37.238164424899999, -10.158882201400001 ], [ -37.245351606100002, -10.1471252662 ], [ -37.249264082700002, -10.1541451791 ], [ -37.255180985300001, -10.152170659899999 ], [ -37.2613034719, -10.1549451565 ], [ -37.261716380700001, -10.1588589418 ], [ -37.262039131500003, -10.163585275599999 ], [ -37.268105530100001, -10.166419898799999 ], [ -37.271806123, -10.1645094585 ], [ -37.279727088, -10.1710081818 ], [ -37.284319157399999, -10.168455516 ], [ -37.281572756400003, -10.159560411 ], [ -37.285466020900003, -10.15602235 ], [ -37.300270028600004, -10.155648381200001 ], [ -37.310351737399998, -10.154985437 ], [ -37.313800007200001, -10.153341561 ], [ -37.345128727499997, -10.155860432400001 ], [ -37.331353314899999, -10.1281826337 ], [ -37.348463069399997, -10.1148042385 ], [ -37.382277835499998, -10.087403571899999 ], [ -37.382362816200001, -10.087333772899999 ], [ -37.410413048700001, -10.0644364434 ], [ -37.419759985799999, -10.061810039199999 ], [ -37.409211255499997, -10.0517042717 ], [ -37.400967386200001, -10.0522715614 ], [ -37.399991466400003, -10.0451737707 ], [ -37.394455153899997, -10.0488898247 ], [ -37.391828303499999, -10.040356217099999 ], [ -37.3832406131, -10.037558326899999 ], [ -37.384716274200002, -10.030333093399999 ], [ -37.3763399945, -10.0256310565 ], [ -37.380036853599997, -10.0209622749 ], [ -37.372866927700002, -10.020937336699999 ], [ -37.372717301500003, -10.016819208899999 ], [ -37.379344598400003, -10.0099331439 ], [ -37.366844473599997, -10.0070761138 ], [ -37.363781262700002, -10.009939753899999 ], [ -37.3648368964, -10.0154176351 ], [ -37.359623601899997, -10.0131566584 ], [ -37.353708721099999, -10.015256809 ], [ -37.348191446900003, -10.0035309506 ], [ -37.354287407100003, -10.004211010200001 ], [ -37.354523831199998, -9.999694509799999 ], [ -37.351842165500003, -9.9935937384 ], [ -37.348609720200002, -9.9995719049 ], [ -37.343068059, -9.998911598199999 ], [ -37.343607933100003, -9.9921574201 ], [ -37.339095765700002, -9.986362855199999 ], [ -37.3326990455, -9.993300339799999 ], [ -37.3340999881, -10.0037743858 ], [ -37.327976575599997, -10.009746361099999 ], [ -37.332301818799998, -10.015385394 ], [ -37.324987885, -10.0125561983 ], [ -37.3159586839, -10.007557264900001 ], [ -37.312710707699999, -9.9994923423 ], [ -37.307871387699997, -9.999406070899999 ], [ -37.302012969700002, -10.0022050167 ], [ -37.294318783, -10.015492050300001 ], [ -37.286171309, -10.009417775299999 ], [ -37.288287939299998, -9.993457400200001 ], [ -37.284704822599998, -9.9882332926 ], [ -37.265622885200003, -9.9933799323 ], [ -37.272594454199997, -9.965200515 ], [ -37.268139011599999, -9.961076245 ], [ -37.260960651600001, -9.9650671768 ], [ -37.256926949700002, -9.9582841655 ], [ -37.233650106200002, -9.9569154866 ], [ -37.2309415219, -9.9122902559 ], [ -37.226248531899998, -9.899050454299999 ], [ -37.194952819299999, -9.897628944899999 ], [ -37.152622862400001, -9.900427005499999 ], [ -37.132302441599997, -9.9133743141 ] ] ] } },
{ "type": "Feature", "properties": { "cod_mun": "2802502", "nome": "General Maynard", "dre": "DRE04", "nome_dre": "DRE 04" }, "geometry": { "type": "Polygon", "coordinates": [ [ [ -36.935473155099999, -10.696121230199999 ], [ -36.948866066800001, -10.7115952869 ], [ -36.9504966915, -10.713152254400001 ], [ -36.961203010699997, -10.7045756602 ], [ -36.970059209, -10.7061762863 ], [ -36.975016354899999, -10.700860760399999 ], [ -36.980307621, -10.7003399923 ], [ -36.9919018704, -10.702869103899999 ], [ -37.005339100800001, -10.696042397199999 ], [ -37.016077348400003, -10.6844036109 ], [ -37.0105709698, -10.680979970499999 ], [ -37.010972757200001, -10.6753309832 ], [ -36.987680765900002, -10.681313778 ], [ -36.9819222068, -10.682791765499999 ], [ -36.943058892300002, -10.685342460299999 ], [ -36.917192927800002, -10.6858160116 ], [ -36.935473155099999, -10.696121230199999 ] ] ] } },
{ "type": "Feature", "properties": { "cod_mun": "2802601", "nome": "Gracho Cardoso", "dre": "DRE05", "nome_dre": "DRE 05" }, "geometry": { "type": "Polygon", "coordinates": [ [ [ -37.202518188, -10.154205251500001 ], [ -37.203722508200002, -10.1577625206 ], [ -37.198537897900003, -10.158307584299999 ], [ -37.194001521600001, -10.162636904099999 ], [ -37.189403719300003, -10.1583826476 ], [ -37.1796518019, -10.1743680254 ], [ -37.174377108100003, -10.173592535199999 ], [ -37.1731479882, -10.1696920251 ], [ -37.163156393800001, -10.1710196922 ], [ -37.1518120852, -10.1648774256 ], [ -37.153948058899999, -10.186970583900001 ], [ -37.137029554500003, -10.193266164800001 ], [ -37.136210472199998, -10.199771372600001 ], [ -37.136412450599998, -10.199956845499999 ], [ -37.1428419127, -10.204391166100001 ], [ -37.149812555, -10.2224192972 ], [ -37.150701486700001, -10.2355152687 ], [ -37.1486346553, -10.240990249899999 ], [ -37.140711185199997, -10.246234389 ], [ -37.142415554800003, -10.2561358545 ], [ -37.138389797499997, -10.26172991 ], [ -37.137823184699997, -10.2746235152 ], [ -37.13938438, -10.2804901305 ], [ -37.147019323899997, -10.2876584402 ], [ -37.1504430476, -10.2884584238 ], [ -37.149310332100001, -10.2928973221 ], [ -37.147417022900001, -10.3026866248 ], [ -37.155256381400001, -10.306950670399999 ], [ -37.149226776799999, -10.315146591 ], [ -37.148938896099999, -10.3224258029 ], [ -37.165124821399999, -10.3319826473 ], [ -37.161819674299998, -10.334068804699999 ], [ -37.163494037299998, -10.339853614600001 ], [ -37.167599785299998, -10.342147240799999 ], [ -37.173436244199998, -10.338769238399999 ], [ -37.171175818199998, -10.3377723479 ], [ -37.174421056600004, -10.3342755835 ], [ -37.168496001, -10.3333149053 ], [ -37.166276350099999, -10.32774947 ], [ -37.172313806799998, -10.3242474121 ], [ -37.168750439199997, -10.3207962857 ], [ -37.171908662200003, -10.311337683 ], [ -37.181501319799999, -10.3074235818 ], [ -37.185582692600001, -10.3014838695 ], [ -37.193375471400003, -10.302989334899999 ], [ -37.2001219275, -10.296482513200001 ], [ -37.206812583400001, -10.2994749702 ], [ -37.209566878, -10.29593319 ], [ -37.210626484499997, -10.3000135415 ], [ -37.214221479800003, -10.299972010799999 ], [ -37.225013536900001, -10.2966739409 ], [ -37.231179881300001, -10.283320764100001 ], [ -37.236501753399999, -10.2795659851 ], [ -37.235673847, -10.2739300027 ], [ -37.2422798128, -10.2623544892 ], [ -37.2494971303, -10.256711274900001 ], [ -37.260867928499998, -10.237946818399999 ], [ -37.261135033099997, -10.237230825499999 ], [ -37.331967678, -10.210421119699999 ], [ -37.313800007200001, -10.153341561 ], [ -37.310351737399998, -10.154985437 ], [ -37.300270028600004, -10.155648381200001 ], [ -37.285466020900003, -10.15602235 ], [ -37.281572756400003, -10.159560411 ], [ -37.284319157399999, -10.168455516 ], [ -37.279727088, -10.1710081818 ], [ -37.271806123, -10.1645094585 ], [ -37.268105530100001, -10.166419898799999 ], [ -37.262039131500003, -10.163585275599999 ], [ -37.261716380700001, -10.1588589418 ], [ -37.2613034719, -10.1549451565 ], [ -37.255180985300001, -10.152170659899999 ], [ -37.249264082700002, -10.1541451791 ], [ -37.245351606100002, -10.1471252662 ], [ -37.238164424899999, -10.158882201400001 ], [ -37.230325355700003, -10.1587473613 ], [ -37.227926795800002, -10.152848324800001 ], [ -37.221033763599998, -10.156749212399999 ], [ -37.219583574300003, -10.149438935799999 ], [ -37.223930047899998, -10.143571598299999 ], [ -37.219246522699997, -10.1415056654 ], [ -37.2199704987, -10.1351668173 ], [ -37.203587550800002, -10.1467570098 ], [ -37.206852377099999, -10.149906384299999 ], [ -37.202518188, -10.154205251500001 ] ] ] } },
{ "type": "Feature", "properties": { "cod_mun": "2802700", "nome": "Ilha das Flores", "dre": "DRE06", "nome_dre": "DRE 06" }, "geometry": { "type": "Polygon", "coordinates": [ [ [ -36.562688280499998, -10.4192691504 ], [ -36.544305730600001, -10.4296021854 ], [ -36.538237377, -10.4219329895 ], [ -36.510201916699998, -10.4209760213 ], [ -36.518969698600003, -10.424273243 ], [ -36.521891308500003, -10.432666987499999 ], [ -36.509690717600002, -10.4323848072 ], [ -36.489274851200001, -10.4235686972 ], [ -36.483759558300001, -10.4367298645 ], [ -36.496931745799998, -10.4407086569 ], [ -36.512828489599997, -10.4463660289 ], [ -36.527448867499999, -10.4653743344 ], [ -36.556930728, -10.4833289425 ], [ -36.585082460599999, -10.499266734200001 ], [ -36.599810549300003, -10.4964116151 ], [ -36.600204111399997, -10.4911689186 ], [ -36.5915849704, -10.4816724501 ], [ -36.5998049154, -10.4775703262 ], [ -36.593624158600001, -10.459832625200001 ], [ -36.595048007400003, -10.4486079536 ], [ -36.590459982200002, -10.444872032699999 ], [ -36.585856459399999, -10.450602308400001 ], [ -36.586253596799999, -10.444465147700001 ], [ -36.582964337500002, -10.4398085918 ], [ -36.580435811900003, -10.441008227899999 ], [ -36.581852006699997, -10.4372421621 ], [ -36.574620958300002, -10.4380592719 ], [ -36.575426598500002, -10.434906910700001 ], [ -36.565669258100002, -10.431850091199999 ], [ -36.562688280499998, -10.4192691504 ] ] ] } },
{ "type": "Feature", "properties": { "cod_mun": "2802809", "nome": "Indiaroba", "dre": "DRE01", "nome_dre": "DRE 01" }, "geometry": { "type": "Polygon", "coordinates": [ [ [ -37.534851910900002, -11.416013892300001 ], [ -37.525161851199996, -11.422696648200001 ], [ -37.507663365200003, -11.414286516800001 ], [ -37.503255815899998, -11.4278725551 ], [ -37.493538271299997, -11.4429598307 ], [ -37.492974991200001, -11.4432165386 ], [ -37.485234388899997, -11.443168097099999 ], [ -37.480089809500001, -11.450013632399999 ], [ -37.4698573055, -11.4495567127 ], [ -37.471551654499997, -11.446974811 ], [ -37.469236901899997, -11.446478192300001 ], [ -37.463879635700003, -11.4512797731 ], [ -37.460718374599999, -11.4439591823 ], [ -37.446517772699998, -11.440738550200001 ], [ -37.440631223300002, -11.4252564563 ], [ -37.431667777, -11.423912869500001 ], [ -37.421837497, -11.430120945100001 ], [ -37.413845532400003, -11.4277105182 ], [ -37.408359310500003, -11.423428961899999 ], [ -37.402718477500002, -11.4313110165 ], [ -37.400896516700001, -11.4338561649 ], [ -37.400669103600002, -11.434174431900001 ], [ -37.372906540700001, -11.4541914482 ], [ -37.392182379700003, -11.478470850600001 ], [ -37.402728891300001, -11.4879856869 ], [ -37.411555646799997, -11.4946683139 ], [ -37.449825054, -11.519946797599999 ], [ -37.463336843699999, -11.523052116 ], [ -37.503238891599999, -11.5240126391 ], [ -37.509348728399999, -11.5299678252 ], [ -37.515739067200002, -11.535411803500001 ], [ -37.519547993899998, -11.5484065114 ], [ -37.552526844200003, -11.547085754199999 ], [ -37.558174279900001, -11.5503964012 ], [ -37.561931060699997, -11.542783780300001 ], [ -37.568500178, -11.5394205649 ], [ -37.5734006992, -11.5421564096 ], [ -37.572197945399999, -11.548311590499999 ], [ -37.578506381799997, -11.5515519626 ], [ -37.585312112799997, -11.541894859099999 ], [ -37.578779537800003, -11.5339362658 ], [ -37.581098969199999, -11.5306903069 ], [ -37.589025684299997, -11.5277055429 ], [ -37.602975302700003, -11.539863054 ], [ -37.608234836699999, -11.5359062305 ], [ -37.616283297400003, -11.5376264755 ], [ -37.627816709199998, -11.5292552257 ], [ -37.631577977500001, -11.5183465898 ], [ -37.636120084200002, -11.512147279100001 ], [ -37.636740776499998, -11.501286735100001 ], [ -37.645606554300002, -11.503209656499999 ], [ -37.648385760300002, -11.4995364131 ], [ -37.644729550100003, -11.498567831500001 ], [ -37.646049279899998, -11.486456217700001 ], [ -37.6523591634, -11.4821387417 ], [ -37.640864198599999, -11.460696946900001 ], [ -37.634463631199999, -11.4487604249 ], [ -37.6105433906, -11.404154866100001 ], [ -37.602084421800001, -11.3883857343 ], [ -37.602014983899998, -11.3884272946 ], [ -37.579180417300002, -11.4022043563 ], [ -37.5789682614, -11.4023314024 ], [ -37.572496064500001, -11.4062360913 ], [ -37.569713289699997, -11.407915779 ], [ -37.564398164300002, -11.4111195228 ], [ -37.558761973300001, -11.414519048900001 ], [ -37.534851910900002, -11.416013892300001 ] ] ] } },
{ "type": "Feature", "properties": { "cod_mun": "2802908", "nome": "Itabaiana", "dre": "DRE03", "nome_dre": "DRE 03" }, "geometry": { "type": "Polygon", "coordinates": [ [ [ -37.472170338200002, -10.570285288799999 ], [ -37.461665419399999, -10.595152108500001 ], [ -37.441934614, -10.5854830393 ], [ -37.422298124199997, -10.5758602129 ], [ -37.412053429700002, -10.5781485466 ], [ -37.394594083900003, -10.5820464325 ], [ -37.392399918499997, -10.584955198699999 ], [ -37.391403946200001, -10.588781349 ], [ -37.387480381400003, -10.5956658599 ], [ -37.3897642899, -10.6014813469 ], [ -37.387896017099997, -10.616534527700001 ], [ -37.387933990800001, -10.617004397500001 ], [ -37.389791429900001, -10.625562676099999 ], [ -37.386813023400002, -10.6291921276 ], [ -37.380447521400001, -10.6298884376 ], [ -37.379469475699999, -10.623101591299999 ], [ -37.374547208599999, -10.6305134697 ], [ -37.369630426800001, -10.6317355067 ], [ -37.367622538299997, -10.6376176567 ], [ -37.365409790199998, -10.6440997824 ], [ -37.3595060882, -10.644630893 ], [ -37.361546090799997, -10.650375754100001 ], [ -37.359119164600003, -10.6543376052 ], [ -37.3465171713, -10.657668877600001 ], [ -37.328558410500001, -10.6532451942 ], [ -37.321170105699998, -10.686974636 ], [ -37.325386945600002, -10.7048283513 ], [ -37.330607132899999, -10.717831733200001 ], [ -37.335976476100001, -10.721363739699999 ], [ -37.344519701300001, -10.7269836362 ], [ -37.3530576498, -10.7326026195 ], [ -37.362888789899998, -10.7412271683 ], [ -37.363110862399999, -10.741689984900001 ], [ -37.3759441913, -10.7683463088 ], [ -37.377222812500001, -10.7710033359 ], [ -37.392459061799997, -10.8026608387 ], [ -37.395705988, -10.809409215900001 ], [ -37.402697079600003, -10.8239387456 ], [ -37.423817813799999, -10.829110029300001 ], [ -37.426778992300001, -10.8298346691 ], [ -37.431159327099998, -10.8306639552 ], [ -37.4433036641, -10.802175052100001 ], [ -37.448680815, -10.786908713100001 ], [ -37.445915779, -10.781819282400001 ], [ -37.442860805, -10.785244265799999 ], [ -37.440872263, -10.7825996922 ], [ -37.442195076499999, -10.7763980854 ], [ -37.452249589600001, -10.769635471699999 ], [ -37.44870322, -10.7664385902 ], [ -37.450508026500003, -10.762845549 ], [ -37.4499940802, -10.750189991 ], [ -37.451698665400002, -10.737664665800001 ], [ -37.458086640200001, -10.721012478800001 ], [ -37.463276670399999, -10.712640861500001 ], [ -37.474136913400002, -10.710058116600001 ], [ -37.481468210599999, -10.699837463 ], [ -37.495580764700001, -10.694572235500001 ], [ -37.499807613500003, -10.692915311 ], [ -37.500341653699998, -10.687648729299999 ], [ -37.504968871899997, -10.680073222500001 ], [ -37.507527764400002, -10.6718380704 ], [ -37.518261856199999, -10.6655992345 ], [ -37.519617177500002, -10.654991752600001 ], [ -37.521346275900001, -10.6535805828 ], [ -37.530113765199999, -10.6453676571 ], [ -37.505741344800001, -10.6200760691 ], [ -37.499008894699998, -10.608646869799999 ], [ -37.489173181399998, -10.5919495257 ], [ -37.473940555699997, -10.566095298800001 ], [ -37.472170338200002, -10.570285288799999 ] ] ] } },
{ "type": "Feature", "properties": { "cod_mun": "2803005", "nome": "Itabaianinha", "dre": "DRE01", "nome_dre": "DRE 01" }, "geometry": { "type": "Polygon", "coordinates": [ [ [ -37.775262408899998, -11.132635336 ], [ -37.765376598700001, -11.142187134 ], [ -37.7614501742, -11.1413437823 ], [ -37.750679144599999, -11.1489204651 ], [ -37.742731815, -11.1545914674 ], [ -37.737647810799999, -11.1505276816 ], [ -37.727670967400002, -11.1650194849 ], [ -37.718846841500003, -11.1620989829 ], [ -37.711910534600001, -11.168566695299999 ], [ -37.7065560514, -11.175215247600001 ], [ -37.702109273799998, -11.180738352900001 ], [ -37.700542372900003, -11.1838823115 ], [ -37.705090824499997, -11.1923603715 ], [ -37.704646222500003, -11.1927569707 ], [ -37.696548893600003, -11.198454654500001 ], [ -37.695727490700001, -11.2051947864 ], [ -37.689952967300002, -11.204251617200001 ], [ -37.683321791700003, -11.22121821 ], [ -37.677229185900003, -11.235458487100001 ], [ -37.671967262800003, -11.2384928096 ], [ -37.669717714299999, -11.2444048631 ], [ -37.665269837300002, -11.2457752772 ], [ -37.6633222918, -11.2538459635 ], [ -37.663142515300002, -11.2817200691 ], [ -37.663091613100001, -11.289530490400001 ], [ -37.691767742899998, -11.3076934277 ], [ -37.691782600700002, -11.3163735775 ], [ -37.691804731300003, -11.329731037 ], [ -37.691859644099999, -11.3653981783 ], [ -37.702006744899997, -11.375029400200001 ], [ -37.729742663700002, -11.4013560651 ], [ -37.735610629599996, -11.407904382 ], [ -37.746927429199999, -11.4115627978 ], [ -37.751129780699998, -11.4003553295 ], [ -37.750937766900002, -11.4052647827 ], [ -37.759224177500002, -11.4066764872 ], [ -37.763544724200003, -11.4037368494 ], [ -37.7612208189, -11.3938089866 ], [ -37.769020623599999, -11.389705831800001 ], [ -37.770500185, -11.377179739800001 ], [ -37.777537840400001, -11.3784365054 ], [ -37.7849932333, -11.3729619592 ], [ -37.785508705600002, -11.364984248500001 ], [ -37.786789413800001, -11.359120693099999 ], [ -37.791045296599997, -11.3597341083 ], [ -37.791379231400001, -11.347639382100001 ], [ -37.815230243400002, -11.3314934523 ], [ -37.815177881, -11.3243590713 ], [ -37.815244842399999, -11.3242797899 ], [ -37.822047171800001, -11.318895493199999 ], [ -37.828704237499998, -11.320657758199999 ], [ -37.836101324799998, -11.314400000699999 ], [ -37.837712225200001, -11.312632216600001 ], [ -37.845533532799998, -11.304839835199999 ], [ -37.848219217500002, -11.301079527600001 ], [ -37.852290685900002, -11.2974180635 ], [ -37.855393806099997, -11.3001539429 ], [ -37.863275817900004, -11.2995442836 ], [ -37.8709285861, -11.2844840794 ], [ -37.873957866, -11.284589654199999 ], [ -37.878399575, -11.2885744194 ], [ -37.901083884400002, -11.2718482488 ], [ -37.907311029900001, -11.264038230100001 ], [ -37.917678520700001, -11.2650485941 ], [ -37.927044929499999, -11.252023608 ], [ -37.914883893, -11.2348499609 ], [ -37.903965061199997, -11.2212828529 ], [ -37.886431446099998, -11.2125459798 ], [ -37.883414518400002, -11.211043527599999 ], [ -37.8784262231, -11.2171122925 ], [ -37.868088586399999, -11.221821527299999 ], [ -37.865882171899997, -11.209824491299999 ], [ -37.870609949, -11.2069964688 ], [ -37.869317714700003, -11.2007919567 ], [ -37.875885521, -11.189812859 ], [ -37.876028961899998, -11.186155686899999 ], [ -37.861529455199999, -11.1738604204 ], [ -37.8610745816, -11.173474101 ], [ -37.845982517400003, -11.1606756724 ], [ -37.828039428, -11.151451552099999 ], [ -37.792615856099999, -11.1332422946 ], [ -37.784531002400001, -11.1321064479 ], [ -37.784342775600003, -11.1321437235 ], [ -37.775262408899998, -11.132635336 ] ] ] } },
{ "type": "Feature", "properties": { "cod_mun": "2803104", "nome": "Itabi", "dre": "DRE05", "nome_dre": "DRE 05" }, "geometry": { "type": "Polygon", "coordinates": [ [ [ -37.172778360099997, -10.048952550799999 ], [ -37.159460487899999, -10.052268035599999 ], [ -37.146369888400002, -10.0509024645 ], [ -37.139017408400001, -10.052724111 ], [ -37.138095661100003, -10.0564755037 ], [ -37.130740342800003, -10.053674282399999 ], [ -37.1276592177, -10.056858652200001 ], [ -37.111450783800002, -10.051154070200001 ], [ -37.102931273499998, -10.055322138399999 ], [ -37.102336833499997, -10.0505853628 ], [ -37.061681521499999, -10.0611201632 ], [ -37.0637649122, -10.071899499300001 ], [ -37.064891474900001, -10.077729741100001 ], [ -37.0676227939, -10.0918721073 ], [ -37.064620227799999, -10.135972644100001 ], [ -37.089932537, -10.144364168 ], [ -37.1464077571, -10.1630860892 ], [ -37.151600229700001, -10.1648070276 ], [ -37.1518120852, -10.1648774256 ], [ -37.163156393800001, -10.1710196922 ], [ -37.1731479882, -10.1696920251 ], [ -37.174377108100003, -10.173592535199999 ], [ -37.1796518019, -10.1743680254 ], [ -37.189403719300003, -10.1583826476 ], [ -37.194001521600001, -10.162636904099999 ], [ -37.198537897900003, -10.158307584299999 ], [ -37.203722508200002, -10.1577625206 ], [ -37.202518188, -10.154205251500001 ], [ -37.206852377099999, -10.149906384299999 ], [ -37.203587550800002, -10.1467570098 ], [ -37.2199704987, -10.1351668173 ], [ -37.222643722500003, -10.1329839901 ], [ -37.218078496899999, -10.130808528099999 ], [ -37.221929324900003, -10.1253276364 ], [ -37.220263049899998, -10.121853739400001 ], [ -37.222822599399997, -10.118698077099999 ], [ -37.226124386099997, -10.119776482 ], [ -37.219748087799999, -10.1131932885 ], [ -37.224151933800002, -10.1116475367 ], [ -37.230724091600003, -10.116189589199999 ], [ -37.2321191029, -10.113828248500001 ], [ -37.228626058, -10.1002843402 ], [ -37.221749065799997, -10.0997987544 ], [ -37.213996731899996, -10.1018508277 ], [ -37.218516434100003, -10.0910490701 ], [ -37.21655913, -10.0899099118 ], [ -37.204822272, -10.0955754923 ], [ -37.212678697699999, -10.081999553499999 ], [ -37.211277542700003, -10.076969074200001 ], [ -37.199023614600002, -10.0810041759 ], [ -37.194941107200002, -10.0743017654 ], [ -37.1846492078, -10.0735748548 ], [ -37.185919279, -10.0660926475 ], [ -37.1903592464, -10.0701997632 ], [ -37.197137397399999, -10.068789621900001 ], [ -37.188902454800001, -10.0611369054 ], [ -37.1885639574, -10.0569920362 ], [ -37.1853401459, -10.0546967963 ], [ -37.192108187800002, -10.0494302035 ], [ -37.186628647100001, -10.040972592699999 ], [ -37.190309148300003, -10.033564957699999 ], [ -37.1882737408, -10.030646815600001 ], [ -37.192397988800003, -10.0306728292 ], [ -37.196291498, -10.026075218200001 ], [ -37.189888637199999, -10.027924515700001 ], [ -37.179985567099997, -10.034111881599999 ], [ -37.172778360099997, -10.048952550799999 ] ] ] } },
{ "type": "Feature", "properties": { "cod_mun": "2803203", "nome": "Itaporanga d'Ajuda", "dre": "DRE08", "nome_dre": "DRE 08" }, "geometry": { "type": "Polygon", "coordinates": [ [ [ -37.403179007299997, -10.844118954600001 ], [ -37.375203471600003, -10.8522024901 ], [ -37.363249593399999, -10.846710792 ], [ -37.350996059300002, -10.8494878006 ], [ -37.341125167500003, -10.8480395849 ], [ -37.336760716100002, -10.839175045199999 ], [ -37.328755379900002, -10.833002738299999 ], [ -37.318025159, -10.8341101176 ], [ -37.3287623891, -10.921323625799999 ], [ -37.331367240399999, -10.938828433199999 ], [ -37.338354280499999, -10.945847301400001 ], [ -37.335290662399998, -10.9524876267 ], [ -37.333076872200003, -10.963984457 ], [ -37.324600589600003, -10.9711153514 ], [ -37.328543007299999, -10.977387114200001 ], [ -37.306036748499999, -10.9858838411 ], [ -37.305278828900001, -10.9932389475 ], [ -37.303207905599997, -10.9977184897 ], [ -37.3031893741, -10.9977853396 ], [ -37.298811868800001, -11.0101222023 ], [ -37.295168206900001, -11.0170095627 ], [ -37.285150342400001, -11.023019055400001 ], [ -37.284646871, -11.026953108300001 ], [ -37.253269291400002, -11.0344342642 ], [ -37.226838084500002, -11.040174117099999 ], [ -37.224380603599997, -11.064997595299999 ], [ -37.218873181900001, -11.0760792979 ], [ -37.204452698700003, -11.085496239 ], [ -37.183107315100003, -11.0932607813 ], [ -37.166201644600001, -11.104829257900001 ], [ -37.161726639599998, -11.117182769199999 ], [ -37.161863629099997, -11.1329119255 ], [ -37.166865873299997, -11.146343953100001 ], [ -37.163030990400003, -11.152061940599999 ], [ -37.1570962041, -11.1574030356 ], [ -37.151509923299997, -11.1622576395 ], [ -37.197380690099997, -11.2124395985 ], [ -37.204551069200001, -11.220173031 ], [ -37.260883197200002, -11.288404740700001 ], [ -37.2821160556, -11.2729619879 ], [ -37.312240575899999, -11.249040082900001 ], [ -37.3131169742, -11.247994952699999 ], [ -37.3289924089, -11.236752603899999 ], [ -37.330860316200003, -11.230873235900001 ], [ -37.327535814299999, -11.2219773787 ], [ -37.332153252600001, -11.218440204 ], [ -37.330253736800003, -11.214147468 ], [ -37.340304910500002, -11.206746560199999 ], [ -37.349335973499997, -11.196699561599999 ], [ -37.348326056600001, -11.1928798397 ], [ -37.345596930399999, -11.1759813676 ], [ -37.341840936399997, -11.175104560099999 ], [ -37.337509683500002, -11.166356546099999 ], [ -37.338869926199997, -11.161502704 ], [ -37.338710668700003, -11.1520620531 ], [ -37.332143516800002, -11.1472110438 ], [ -37.331394704300003, -11.138107203 ], [ -37.339308013299998, -11.128312810900001 ], [ -37.336943227799999, -11.112415908199999 ], [ -37.350538011099999, -11.090629111 ], [ -37.357344871700001, -11.087931190799999 ], [ -37.3655283115, -11.077661475599999 ], [ -37.369913442799998, -11.071554047499999 ], [ -37.378441978, -11.068788550700001 ], [ -37.384560655, -11.054939988499999 ], [ -37.3888824669, -11.053291786500001 ], [ -37.388971853100003, -11.053125125299999 ], [ -37.403917836799998, -11.034587635399999 ], [ -37.4041271169, -11.0343280873 ], [ -37.405176645, -11.0275729149 ], [ -37.412747965400001, -11.0083764514 ], [ -37.425884392900002, -11.0006378473 ], [ -37.427508482, -10.9890760766 ], [ -37.434002211, -10.9876004022 ], [ -37.439481657800002, -10.981611127800001 ], [ -37.455295626, -10.977116345200001 ], [ -37.470809531299999, -10.9524043907 ], [ -37.474102113400001, -10.9471542925 ], [ -37.479994776700003, -10.9377645598 ], [ -37.480707069899999, -10.9366302251 ], [ -37.503140769200002, -10.900855955800001 ], [ -37.496035381600002, -10.9045001172 ], [ -37.485319330300001, -10.9001006479 ], [ -37.472740799500002, -10.8933003424 ], [ -37.464909033200001, -10.892840334800001 ], [ -37.456212506900002, -10.8821745007 ], [ -37.442053558300003, -10.866766178400001 ], [ -37.404318909099999, -10.825705063699999 ], [ -37.406587599600002, -10.8317388423 ], [ -37.403179007299997, -10.844118954600001 ] ] ] } },
{ "type": "Feature", "properties": { "cod_mun": "2803302", "nome": "Japaratuba", "dre": "DRE04", "nome_dre": "DRE 04" }, "geometry": { "type": "Polygon", "coordinates": [ [ [ -36.876551810300001, -10.4121136301 ], [ -36.868166065499999, -10.418730115400001 ], [ -36.857044954199999, -10.419451623900001 ], [ -36.857289183399999, -10.4277485242 ], [ -36.867311279100001, -10.4308266051 ], [ -36.875004202900001, -10.438347894 ], [ -36.869954037500001, -10.4544220731 ], [ -36.867555139300002, -10.4800130963 ], [ -36.867630163900003, -10.4848279733 ], [ -36.861577501299998, -10.489772087 ], [ -36.8595986901, -10.496806666099999 ], [ -36.847157166300001, -10.498118249499999 ], [ -36.837816626399999, -10.5071771846 ], [ -36.830578877100002, -10.531949634 ], [ -36.808039562899999, -10.5493017275 ], [ -36.808201793800002, -10.569324138600001 ], [ -36.808548859299997, -10.5742371454 ], [ -36.7833114389, -10.575485951899999 ], [ -36.839781287299999, -10.618991642199999 ], [ -36.852588021400003, -10.6288598324 ], [ -36.893176842400003, -10.660138436800001 ], [ -36.898832865400003, -10.663117315199999 ], [ -36.902992880100001, -10.661834815300001 ], [ -36.905869473800003, -10.663913039100001 ], [ -36.910106684100001, -10.6669729911 ], [ -36.923207002600002, -10.676434022800001 ], [ -36.929567635700003, -10.669753308400001 ], [ -36.933770758, -10.6541250161 ], [ -36.9608213685, -10.649898992900001 ], [ -36.970155062400003, -10.637452712 ], [ -36.9685470513, -10.6305248252 ], [ -36.980630451, -10.630877655200001 ], [ -36.991604593600002, -10.6311975764 ], [ -37.010771331400001, -10.640467575100001 ], [ -36.992278980499997, -10.5888685019 ], [ -36.975945915700002, -10.5433190766 ], [ -36.975722055799999, -10.538476580599999 ], [ -36.975798965899997, -10.538087304099999 ], [ -36.977430519, -10.529763114 ], [ -36.956008019899997, -10.5233066285 ], [ -36.944949605799998, -10.4846744667 ], [ -36.935023833, -10.4500189228 ], [ -36.932361490200002, -10.4267994606 ], [ -36.928710418100003, -10.424498397500001 ], [ -36.924635845600001, -10.4268776334 ], [ -36.917136281700003, -10.4198303689 ], [ -36.911137102399998, -10.420357018 ], [ -36.904930356500003, -10.4168742779 ], [ -36.904026993099997, -10.412306152899999 ], [ -36.902814535, -10.4028915387 ], [ -36.883012291, -10.396801032600001 ], [ -36.876831490500003, -10.4055235298 ], [ -36.876551810300001, -10.4121136301 ] ] ] } },
{ "type": "Feature", "properties": { "cod_mun": "2803401", "nome": "Japoatã", "dre": "DRE06", "nome_dre": "DRE 06" }, "geometry": { "type": "Polygon", "coordinates": [ [ [ -36.793637848800003, -10.2881456847 ], [ -36.789162486, -10.2985308884 ], [ -36.778260877100003, -10.3079163195 ], [ -36.777972973499999, -10.3082250795 ], [ -36.769572103400002, -10.310373176400001 ], [ -36.761745077199997, -10.318248987900001 ], [ -36.750261516599998, -10.313585209299999 ], [ -36.739239624299998, -10.321028158 ], [ -36.7361215966, -10.3263523272 ], [ -36.737953226599998, -10.339794234699999 ], [ -36.732801887199997, -10.358095322600001 ], [ -36.718497363499999, -10.380039373800001 ], [ -36.701720221899997, -10.405468966400001 ], [ -36.712282363200003, -10.451676879100001 ], [ -36.714032148800001, -10.458659433099999 ], [ -36.730720179899997, -10.5220602809 ], [ -36.732994131700003, -10.530705169100001 ], [ -36.7497637572, -10.5944897991 ], [ -36.754912346099999, -10.5937480519 ], [ -36.765154257200003, -10.5805022091 ], [ -36.7833114389, -10.575485951899999 ], [ -36.808548859299997, -10.5742371454 ], [ -36.808201793800002, -10.569324138600001 ], [ -36.808039562899999, -10.5493017275 ], [ -36.830578877100002, -10.531949634 ], [ -36.837816626399999, -10.5071771846 ], [ -36.847157166300001, -10.498118249499999 ], [ -36.8595986901, -10.496806666099999 ], [ -36.861577501299998, -10.489772087 ], [ -36.867630163900003, -10.4848279733 ], [ -36.867555139300002, -10.4800130963 ], [ -36.869954037500001, -10.4544220731 ], [ -36.875004202900001, -10.438347894 ], [ -36.867311279100001, -10.4308266051 ], [ -36.857289183399999, -10.4277485242 ], [ -36.857044954199999, -10.419451623900001 ], [ -36.868166065499999, -10.418730115400001 ], [ -36.876551810300001, -10.4121136301 ], [ -36.876831490500003, -10.4055235298 ], [ -36.883012291, -10.396801032600001 ], [ -36.902814535, -10.4028915387 ], [ -36.894698339400001, -10.385763298800001 ], [ -36.855275233599997, -10.381587810199999 ], [ -36.848740259800003, -10.372801880900001 ], [ -36.839644115, -10.3557390239 ], [ -36.838466075699998, -10.3418923458 ], [ -36.827059756899999, -10.3322428028 ], [ -36.8209553891, -10.310963316400001 ], [ -36.8172708082, -10.3106367485 ], [ -36.8226164963, -10.30347841 ], [ -36.8188265171, -10.297257289299999 ], [ -36.810708510799998, -10.297332277200001 ], [ -36.801729265399999, -10.283805002499999 ], [ -36.799045005099998, -10.2821029893 ], [ -36.800030290300001, -10.2865666616 ], [ -36.793637848800003, -10.2881456847 ] ] ] } },
{ "type": "Feature", "properties": { "cod_mun": "2803500", "nome": "Lagarto", "dre": "DRE02", "nome_dre": "DRE 02" }, "geometry": { "type": "Polygon", "coordinates": [ [ [ -37.646649853299998, -10.708870323099999 ], [ -37.636974252199998, -10.7124168406 ], [ -37.620263268, -10.7058781293 ], [ -37.617968169400001, -10.7115697798 ], [ -37.6170928632, -10.714059283199999 ], [ -37.6297693267, -10.724763235899999 ], [ -37.632133688700002, -10.7317281413 ], [ -37.628268701099998, -10.7402662115 ], [ -37.632749948700003, -10.7468893266 ], [ -37.6198874022, -10.748014878 ], [ -37.607463101800001, -10.767110623100001 ], [ -37.6002971773, -10.780949325 ], [ -37.613413375299999, -10.7953785592 ], [ -37.613639009400003, -10.8007494562 ], [ -37.610093012299998, -10.812255461399999 ], [ -37.6003140268, -10.8145125083 ], [ -37.597216628, -10.8210767168 ], [ -37.596942006100001, -10.8218123271 ], [ -37.581114128899998, -10.8361355065 ], [ -37.572739169899997, -10.8392659359 ], [ -37.565160839599997, -10.836172232 ], [ -37.551614990399997, -10.839934832799999 ], [ -37.544328806099998, -10.835017452200001 ], [ -37.540646116600001, -10.838444193 ], [ -37.51706335, -10.8439856243 ], [ -37.511139543799999, -10.8434308016 ], [ -37.509187727700002, -10.834953213 ], [ -37.497526599700002, -10.8325870463 ], [ -37.493760459699999, -10.830442812799999 ], [ -37.488297070400002, -10.832743521199999 ], [ -37.488162147899999, -10.8375125588 ], [ -37.480639089299999, -10.8405047376 ], [ -37.4830818704, -10.858049556399999 ], [ -37.477551656, -10.8588734393 ], [ -37.470997674099998, -10.8525921603 ], [ -37.457248349499999, -10.871993424099999 ], [ -37.459258312, -10.879345089299999 ], [ -37.456212506900002, -10.8821745007 ], [ -37.464909033200001, -10.892840334800001 ], [ -37.472740799500002, -10.8933003424 ], [ -37.485319330300001, -10.9001006479 ], [ -37.496035381600002, -10.9045001172 ], [ -37.503140769200002, -10.900855955800001 ], [ -37.480707069899999, -10.9366302251 ], [ -37.479994776700003, -10.9377645598 ], [ -37.474102113400001, -10.9471542925 ], [ -37.470809531299999, -10.9524043907 ], [ -37.455295626, -10.977116345200001 ], [ -37.455570100099997, -10.977043672500001 ], [ -37.505568168400004, -10.963605467400001 ], [ -37.518070561400002, -10.9602425933 ], [ -37.5194380354, -10.9602997847 ], [ -37.527991142799998, -10.987346129 ], [ -37.529828207, -10.9931531 ], [ -37.529852841599997, -10.9932353394 ], [ -37.530660258099999, -10.995788791100001 ], [ -37.546841122399996, -11.008401067099999 ], [ -37.548767902400002, -11.009903144100001 ], [ -37.568165214799997, -11.0250237996 ], [ -37.569657486200001, -11.034349754899999 ], [ -37.564803367, -11.039617982199999 ], [ -37.621906273199997, -11.0669613722 ], [ -37.622070363200002, -11.0670413473 ], [ -37.63427801, -11.064173613099999 ], [ -37.643669445500002, -11.046334716700001 ], [ -37.650617503, -11.0469496089 ], [ -37.656144605100003, -11.0402646787 ], [ -37.669995580200002, -11.031382584499999 ], [ -37.6748086992, -11.0223458364 ], [ -37.684735636100001, -11.0269256601 ], [ -37.692403126599999, -11.0261895724 ], [ -37.7130283435, -11.000453636 ], [ -37.718802243799999, -10.9966019842 ], [ -37.7252434042, -10.9929708801 ], [ -37.743204591900003, -10.9897750075 ], [ -37.745265067799998, -10.996706186400001 ], [ -37.739649947700002, -11.001504485 ], [ -37.741057329299998, -11.0107981626 ], [ -37.748729643799997, -11.010402663300001 ], [ -37.753783268200003, -11.003551974800001 ], [ -37.760748913500002, -11.0109254448 ], [ -37.766048487900001, -11.0097344968 ], [ -37.768332124600001, -11.016690174800001 ], [ -37.773591330599999, -11.0167563516 ], [ -37.776294008599997, -11.006206308699999 ], [ -37.78149986, -11.0106764058 ], [ -37.785848472700003, -11.007570211699999 ], [ -37.792706321899999, -11.0190452173 ], [ -37.797854085, -11.012235842300001 ], [ -37.808919388, -11.0109630343 ], [ -37.811690324799997, -11.003153896200001 ], [ -37.815926331, -11.0069039704 ], [ -37.821714343300002, -11.004887815 ], [ -37.821530523, -10.995651361 ], [ -37.825068084, -10.9898925508 ], [ -37.836725511399997, -10.987692512100001 ], [ -37.831841151799999, -10.9798781551 ], [ -37.839122851600003, -10.969942228600001 ], [ -37.8382496551, -10.964175039600001 ], [ -37.838833854100002, -10.955367835200001 ], [ -37.834152822599997, -10.9509963251 ], [ -37.8397888999, -10.947231547099999 ], [ -37.846358758800001, -10.9339977724 ], [ -37.851198805, -10.9340934478 ], [ -37.8745594516, -10.9209593686 ], [ -37.8659620663, -10.897959670600001 ], [ -37.876532337500002, -10.863900294800001 ], [ -37.860464638499998, -10.8688875864 ], [ -37.8482801416, -10.865009022500001 ], [ -37.8280296127, -10.8585620736 ], [ -37.813476804, -10.8693996333 ], [ -37.8047824525, -10.840605740899999 ], [ -37.799162685100001, -10.835470497399999 ], [ -37.791091956700001, -10.8313537991 ], [ -37.765864398799998, -10.818484964 ], [ -37.751732708399999, -10.8066330648 ], [ -37.739731312, -10.802424339 ], [ -37.7331136524, -10.7973349044 ], [ -37.723982384, -10.7857344337 ], [ -37.717652278599999, -10.7693005188 ], [ -37.720482560400001, -10.766707371700001 ], [ -37.709163676199999, -10.754144399299999 ], [ -37.7099076672, -10.7507942958 ], [ -37.707151394599997, -10.737735178599999 ], [ -37.698095225700001, -10.7367049718 ], [ -37.679114050899997, -10.7266882822 ], [ -37.6784281228, -10.7139027804 ], [ -37.668725927600001, -10.707506775200001 ], [ -37.6638714049, -10.716438607100001 ], [ -37.653681891799998, -10.7092393147 ], [ -37.646772994599999, -10.6954779455 ], [ -37.642050305600002, -10.699257621699999 ], [ -37.646649853299998, -10.708870323099999 ] ] ] } },
{ "type": "Feature", "properties": { "cod_mun": "2803609", "nome": "Laranjeiras", "dre": "DRE08", "nome_dre": "DRE 08" }, "geometry": { "type": "Polygon", "coordinates": [ [ [ -37.161026688900002, -10.750988832799999 ], [ -37.152566006400001, -10.7691364184 ], [ -37.147647787700002, -10.7707538932 ], [ -37.144349437199999, -10.7657116746 ], [ -37.133103013099998, -10.768031577 ], [ -37.134045779499999, -10.776146149500001 ], [ -37.131768745599999, -10.7819403124 ], [ -37.125589220499997, -10.7858541636 ], [ -37.1026112813, -10.774353136 ], [ -37.0878347461, -10.782744302499999 ], [ -37.086987274199998, -10.797968925499999 ], [ -37.0749475856, -10.807115275499999 ], [ -37.064536054800001, -10.8226013639 ], [ -37.093174033300002, -10.8231683732 ], [ -37.104296996800002, -10.8191386845 ], [ -37.1112824828, -10.828830139700001 ], [ -37.124533261300002, -10.8335258224 ], [ -37.1374447257, -10.8351174933 ], [ -37.1536975868, -10.8328558983 ], [ -37.157745820400002, -10.8320125555 ], [ -37.158502884599997, -10.8362553908 ], [ -37.173908450299997, -10.8424062939 ], [ -37.180242321800002, -10.854649674099999 ], [ -37.189903227199999, -10.853403845300001 ], [ -37.189922796499999, -10.852665281 ], [ -37.206271193, -10.847746319900001 ], [ -37.215070746, -10.848079522700001 ], [ -37.231215325900003, -10.836229404299999 ], [ -37.2432779532, -10.8335034281 ], [ -37.317326729, -10.831207641 ], [ -37.283260865499997, -10.806021407599999 ], [ -37.2728170711, -10.798301503799999 ], [ -37.245250812, -10.7779243374 ], [ -37.228595551300003, -10.7610686222 ], [ -37.220690330099998, -10.7591760631 ], [ -37.2153233724, -10.7658260818 ], [ -37.168254648800001, -10.752964071699999 ], [ -37.161026688900002, -10.750988832799999 ] ] ] } },
{ "type": "Feature", "properties": { "cod_mun": "2803708", "nome": "Macambira", "dre": "DRE03", "nome_dre": "DRE 03" }, "geometry": { "type": "Polygon", "coordinates": [ [ [ -37.507527764400002, -10.6718380704 ], [ -37.504968871899997, -10.680073222500001 ], [ -37.500341653699998, -10.687648729299999 ], [ -37.5265715731, -10.688044382699999 ], [ -37.5322430027, -10.688262529799999 ], [ -37.535742876500002, -10.694104577899999 ], [ -37.548321246599997, -10.6969301483 ], [ -37.5484387606, -10.696957000099999 ], [ -37.560571526700002, -10.691311707500001 ], [ -37.5738683927, -10.689834082200001 ], [ -37.576733993399998, -10.6847366816 ], [ -37.585155728300002, -10.680430172299999 ], [ -37.595402040099998, -10.6955779232 ], [ -37.604462304099997, -10.6932082371 ], [ -37.607757985200003, -10.7000050148 ], [ -37.605343453499998, -10.708720190499999 ], [ -37.609221348799998, -10.7061973115 ], [ -37.611162129299998, -10.7121300201 ], [ -37.617968169400001, -10.7115697798 ], [ -37.620263268, -10.7058781293 ], [ -37.636974252199998, -10.7124168406 ], [ -37.646649853299998, -10.708870323099999 ], [ -37.642050305600002, -10.699257621699999 ], [ -37.646772994599999, -10.6954779455 ], [ -37.653681891799998, -10.7092393147 ], [ -37.6638714049, -10.716438607100001 ], [ -37.662420009100003, -10.712290406199999 ], [ -37.666182846399998, -10.7072086883 ], [ -37.662027432800002, -10.702507021700001 ], [ -37.664077463700004, -10.6908916193 ], [ -37.663494500699997, -10.6810717153 ], [ -37.668565379699999, -10.674280382499999 ], [ -37.662015252, -10.654394595399999 ], [ -37.655911983899998, -10.6473494865 ], [ -37.649812753, -10.6172274319 ], [ -37.640861854100002, -10.604122415100001 ], [ -37.629815983500002, -10.6061154808 ], [ -37.612099902300002, -10.609311160400001 ], [ -37.558227226500001, -10.619020062800001 ], [ -37.530113765199999, -10.6453676571 ], [ -37.521346275900001, -10.6535805828 ], [ -37.519617177500002, -10.654991752600001 ], [ -37.518261856199999, -10.6655992345 ], [ -37.507527764400002, -10.6718380704 ] ] ] } },
{ "type": "Feature", "properties": { "cod_mun": "2803807", "nome": "Malhada dos Bois", "dre": "DRE06", "nome_dre": "DRE 06" }, "geometry": { "type": "Polygon", "coordinates": [ [ [ -36.913804926, -10.3790405661 ], [ -36.915415643899998, -10.392984738399999 ], [ -36.927021700099999, -10.3808768327 ], [ -36.950454968099997, -10.3564199523 ], [ -36.9695800095, -10.336449546 ], [ -37.009003093899999, -10.3018855802 ], [ -36.9558044268, -10.289550176300001 ], [ -36.936761449800002, -10.277800194299999 ], [ -36.933383576300002, -10.2757169723 ], [ -36.935542830499998, -10.306251998700001 ], [ -36.932227985099999, -10.308128745599999 ], [ -36.902321381, -10.3237821986 ], [ -36.900407441200002, -10.349691738300001 ], [ -36.913257093799999, -10.3742954052 ], [ -36.913804926, -10.3790405661 ] ] ] } },
{ "type": "Feature", "properties": { "cod_mun": "2803906", "nome": "Malhador", "dre": "DRE03", "nome_dre": "DRE 03" }, "geometry": { "type": "Polygon", "coordinates": [ [ [ -37.296054370500002, -10.600596900499999 ], [ -37.295115074599998, -10.610429765499999 ], [ -37.291434383099997, -10.610199250200001 ], [ -37.281249025400001, -10.619986101 ], [ -37.279688946100002, -10.6325423347 ], [ -37.268645959700002, -10.635201968200001 ], [ -37.2598002354, -10.6489195841 ], [ -37.247041628399998, -10.6506705418 ], [ -37.247475529100001, -10.661201868299999 ], [ -37.238799296800003, -10.664711390700001 ], [ -37.231481583899999, -10.6739782576 ], [ -37.227907427700003, -10.6844361475 ], [ -37.232489292700002, -10.696363036699999 ], [ -37.223908440400002, -10.704448143900001 ], [ -37.226977354699997, -10.7078418081 ], [ -37.229622900499997, -10.702503571699999 ], [ -37.233209630399998, -10.7044637434 ], [ -37.236609023100002, -10.704442895 ], [ -37.238796300700002, -10.708228312299999 ], [ -37.245353225, -10.7062148079 ], [ -37.249903913399997, -10.7087932804 ], [ -37.2511923944, -10.704799447099999 ], [ -37.259255767399999, -10.7022051195 ], [ -37.265303255299997, -10.707510368599999 ], [ -37.265274017, -10.7125848596 ], [ -37.271573379499998, -10.7147598707 ], [ -37.276258233, -10.7110563579 ], [ -37.282677533399998, -10.721100248600001 ], [ -37.293220427599998, -10.722384826900001 ], [ -37.298956186200002, -10.7298154314 ], [ -37.315874186899997, -10.740255364899999 ], [ -37.318597710500001, -10.7377941608 ], [ -37.314623585, -10.7336015163 ], [ -37.3115105766, -10.732516693099999 ], [ -37.314759674400001, -10.7311886232 ], [ -37.317618272600001, -10.730777725499999 ], [ -37.3322112293, -10.7261736925 ], [ -37.335976476100001, -10.721363739699999 ], [ -37.330607132899999, -10.717831733200001 ], [ -37.325386945600002, -10.7048283513 ], [ -37.321170105699998, -10.686974636 ], [ -37.328558410500001, -10.6532451942 ], [ -37.3285802698, -10.6531489221 ], [ -37.332001582399997, -10.6391769303 ], [ -37.327815858800001, -10.6280833623 ], [ -37.321039866900001, -10.619205793800001 ], [ -37.3150727803, -10.6147616949 ], [ -37.303177518299997, -10.6059019949 ], [ -37.296054370500002, -10.600596900499999 ] ] ] } },
{ "type": "Feature", "properties": { "cod_mun": "2804003", "nome": "Maruim", "dre": "DRE08", "nome_dre": "DRE 08" }, "geometry": { "type": "Polygon", "coordinates": [ [ [ -37.089027648799998, -10.6827554046 ], [ -37.084568922300001, -10.6862056361 ], [ -37.075119420699998, -10.684349691 ], [ -37.068788516200001, -10.6912960232 ], [ -37.059138411399999, -10.6918148293 ], [ -37.052913390400001, -10.701618590800001 ], [ -37.062451431299998, -10.7175416206 ], [ -37.069925014799999, -10.7487905439 ], [ -37.070268766600002, -10.7507150252 ], [ -37.069248542799997, -10.768975259 ], [ -37.0750067922, -10.7787351778 ], [ -37.080287900599998, -10.7780332259 ], [ -37.0878347461, -10.782744302499999 ], [ -37.1026112813, -10.774353136 ], [ -37.125589220499997, -10.7858541636 ], [ -37.131768745599999, -10.7819403124 ], [ -37.134045779499999, -10.776146149500001 ], [ -37.133103013099998, -10.768031577 ], [ -37.144349437199999, -10.7657116746 ], [ -37.147647787700002, -10.7707538932 ], [ -37.152566006400001, -10.7691364184 ], [ -37.161026688900002, -10.750988832799999 ], [ -37.1570700997, -10.746818787800001 ], [ -37.1579837333, -10.741844049799999 ], [ -37.150716918299999, -10.738113632499999 ], [ -37.151026000400002, -10.732594952 ], [ -37.153718052899997, -10.7258872786 ], [ -37.151846148099999, -10.7221980199 ], [ -37.146496330600002, -10.719421981 ], [ -37.142223160500002, -10.7000385884 ], [ -37.121111735600003, -10.7019969137 ], [ -37.115156130300001, -10.684499779199999 ], [ -37.090318672099997, -10.6547038842 ], [ -37.092626496400001, -10.673289410700001 ], [ -37.089027648799998, -10.6827554046 ] ] ] } },
{ "type": "Feature", "properties": { "cod_mun": "2804102", "nome": "Moita Bonita", "dre": "DRE03", "nome_dre": "DRE 03" }, "geometry": { "type": "Polygon", "coordinates": [ [ [ -37.336678295799999, -10.5394586708 ], [ -37.333757004100001, -10.543411538300001 ], [ -37.325367639500001, -10.541301586599999 ], [ -37.320680665099999, -10.5399921134 ], [ -37.317946001599999, -10.54650155 ], [ -37.311078483099998, -10.5483000266 ], [ -37.313575833500003, -10.5580785145 ], [ -37.311451509800001, -10.564784573800001 ], [ -37.303509521199999, -10.5742490396 ], [ -37.293929710599997, -10.575833448299999 ], [ -37.284407376899999, -10.5737691014 ], [ -37.271845398899998, -10.5779635303 ], [ -37.262820175100003, -10.5768975759 ], [ -37.248717753199998, -10.594621201700001 ], [ -37.250968555699998, -10.5949552718 ], [ -37.265387390699999, -10.5864227181 ], [ -37.280997980899997, -10.5868615968 ], [ -37.286996707500002, -10.5935537256 ], [ -37.292896943400002, -10.5941014678 ], [ -37.296054370500002, -10.600596900499999 ], [ -37.303177518299997, -10.6059019949 ], [ -37.3150727803, -10.6147616949 ], [ -37.321039866900001, -10.619205793800001 ], [ -37.327815858800001, -10.6280833623 ], [ -37.332001582399997, -10.6391769303 ], [ -37.3285802698, -10.6531489221 ], [ -37.328558410500001, -10.6532451942 ], [ -37.3465171713, -10.657668877600001 ], [ -37.359119164600003, -10.6543376052 ], [ -37.361546090799997, -10.650375754100001 ], [ -37.3595060882, -10.644630893 ], [ -37.365409790199998, -10.6440997824 ], [ -37.367622538299997, -10.6376176567 ], [ -37.369630426800001, -10.6317355067 ], [ -37.374547208599999, -10.6305134697 ], [ -37.379469475699999, -10.623101591299999 ], [ -37.380447521400001, -10.6298884376 ], [ -37.386813023400002, -10.6291921276 ], [ -37.389791429900001, -10.625562676099999 ], [ -37.387933990800001, -10.617004397500001 ], [ -37.387896017099997, -10.616534527700001 ], [ -37.3897642899, -10.6014813469 ], [ -37.387480381400003, -10.5956658599 ], [ -37.391403946200001, -10.588781349 ], [ -37.392399918499997, -10.584955198699999 ], [ -37.394594083900003, -10.5820464325 ], [ -37.373283510100002, -10.562798643200001 ], [ -37.364061983500001, -10.5590810381 ], [ -37.363535425400002, -10.548527204899999 ], [ -37.345873902500003, -10.5390821608 ], [ -37.336678295799999, -10.5394586708 ] ] ] } },
{ "type": "Feature", "properties": { "cod_mun": "2804201", "nome": "Monte Alegre de Sergipe", "dre": "DRE09", "nome_dre": "DRE 09" }, "geometry": { "type": "Polygon", "coordinates": [ [ [ -37.523542696299998, -10.0085153692 ], [ -37.4879782517, -10.017495783299999 ], [ -37.469719487699997, -10.022102953899999 ], [ -37.427851803099998, -10.055381197399999 ], [ -37.419759985799999, -10.061810039199999 ], [ -37.420086878699998, -10.0678014434 ], [ -37.412465835, -10.0687280573 ], [ -37.413529414800003, -10.076529842199999 ], [ -37.429565500800003, -10.0641626898 ], [ -37.427881093, -10.0764203535 ], [ -37.4352880271, -10.0715511113 ], [ -37.442287751099997, -10.0763416036 ], [ -37.4399330002, -10.085041586499999 ], [ -37.432799160899997, -10.0849453292 ], [ -37.439738554500003, -10.090865817299999 ], [ -37.435834823100002, -10.1006023165 ], [ -37.448249349800001, -10.104675974899999 ], [ -37.448521629799998, -10.1046230194 ], [ -37.4599593939, -10.102393449599999 ], [ -37.459440981599997, -10.095913187400001 ], [ -37.463950715499998, -10.091670797 ], [ -37.474924183900001, -10.0957731744 ], [ -37.480299495700002, -10.0890586973 ], [ -37.483908839500003, -10.091689194200001 ], [ -37.490019292699998, -10.1015731436 ], [ -37.494836281799998, -10.096639954800001 ], [ -37.505078425599997, -10.103568560799999 ], [ -37.513498662300002, -10.100877223 ], [ -37.518581566899996, -10.1085897674 ], [ -37.522652817500003, -10.103832987400001 ], [ -37.524143758599998, -10.1102026327 ], [ -37.531317923099998, -10.113448005 ], [ -37.538028796200003, -10.1095739733 ], [ -37.541804325400001, -10.1150958604 ], [ -37.55059402, -10.112276896699999 ], [ -37.550710151600001, -10.112239836500001 ], [ -37.557643071299999, -10.121938674900001 ], [ -37.562861171, -10.1071346033 ], [ -37.567320722700003, -10.108050969200001 ], [ -37.584986725599997, -10.094515721900001 ], [ -37.5834274694, -10.091180719600001 ], [ -37.589110217399998, -10.0897067611 ], [ -37.594418866799998, -10.0970370611 ], [ -37.59804802, -10.093599441 ], [ -37.603379079, -10.102660629900001 ], [ -37.614128802800003, -10.095397397299999 ], [ -37.621165640599997, -10.1056566292 ], [ -37.629525922299997, -10.1023749703 ], [ -37.637372534, -10.1102429484 ], [ -37.644921603100002, -10.110531569899999 ], [ -37.652562649300002, -10.1213930493 ], [ -37.658831835500003, -10.1225652172 ], [ -37.660576778399999, -10.1288390907 ], [ -37.666677033699997, -10.126162664500001 ], [ -37.671511575399997, -10.1295762122 ], [ -37.679011381400002, -10.1225525667 ], [ -37.689199619, -10.1229371198 ], [ -37.695625474300002, -10.1284538147 ], [ -37.698592365, -10.125942929400001 ], [ -37.7228594981, -10.1186898231 ], [ -37.731724061199998, -10.1113116953 ], [ -37.739953107, -10.108922866 ], [ -37.745698856700002, -10.111671296600001 ], [ -37.783150528199997, -10.095248782400001 ], [ -37.776803314600002, -10.133370659100001 ], [ -37.780847611900001, -10.1277436839 ], [ -37.797934495500002, -10.108606199 ], [ -37.809390586699998, -10.082483544900001 ], [ -37.820623679199997, -10.056865139899999 ], [ -37.823549359499999, -10.035380350800001 ], [ -37.807921441799998, -10.03154531 ], [ -37.775439103899998, -10.033151564600001 ], [ -37.754072463100002, -10.025715938799999 ], [ -37.738231697, -10.029001709899999 ], [ -37.738036320500001, -10.024595135 ], [ -37.731163565499998, -10.020519996399999 ], [ -37.730681102799998, -10.0235750273 ], [ -37.722009668600002, -10.027923487400001 ], [ -37.701537668100002, -10.013841458 ], [ -37.697558443799998, -10.021182317399999 ], [ -37.691872228900003, -10.019924443200001 ], [ -37.684913205100003, -10.027623619 ], [ -37.672523153900002, -10.025093893899999 ], [ -37.665883480600002, -10.015309505399999 ], [ -37.6557332832, -10.013736603 ], [ -37.644639818, -10.0224020066 ], [ -37.637749247400002, -10.018624552 ], [ -37.633237139800002, -10.0240603575 ], [ -37.628942530099998, -10.0215167097 ], [ -37.6256520369, -10.026050834199999 ], [ -37.614391345800001, -10.025801725599999 ], [ -37.6064972215, -10.019161486 ], [ -37.596765516600001, -10.023546419200001 ], [ -37.594942222699999, -10.015702149 ], [ -37.590428645599999, -10.015902027299999 ], [ -37.5870362908, -10.011614575 ], [ -37.582389057900002, -9.9981606666 ], [ -37.563160206600003, -9.9985757657 ], [ -37.543495760600003, -10.0034738243 ], [ -37.523542696299998, -10.0085153692 ] ] ] } },
{ "type": "Feature", "properties": { "cod_mun": "2804300", "nome": "Muribeca", "dre": "DRE06", "nome_dre": "DRE 06" }, "geometry": { "type": "Polygon", "coordinates": [ [ [ -37.009003093899999, -10.3018855802 ], [ -36.9695800095, -10.336449546 ], [ -36.950454968099997, -10.3564199523 ], [ -36.927021700099999, -10.3808768327 ], [ -36.915415643899998, -10.392984738399999 ], [ -36.902814535, -10.4028915387 ], [ -36.904026993099997, -10.412306152899999 ], [ -36.904930356500003, -10.4168742779 ], [ -36.911137102399998, -10.420357018 ], [ -36.917136281700003, -10.4198303689 ], [ -36.924635845600001, -10.4268776334 ], [ -36.928710418100003, -10.424498397500001 ], [ -36.932361490200002, -10.4267994606 ], [ -36.935023833, -10.4500189228 ], [ -36.9371562579, -10.451299989300001 ], [ -36.942651644199998, -10.444527448 ], [ -36.953049124899998, -10.4431030361 ], [ -36.961521802599997, -10.442432866600001 ], [ -36.963524023200002, -10.438075577699999 ], [ -36.967199517600001, -10.4246071918 ], [ -36.9740839225, -10.4178323317 ], [ -36.983429769799997, -10.402894977600001 ], [ -36.9807281828, -10.394974338500001 ], [ -36.9864968762, -10.3846636512 ], [ -36.977613194100002, -10.373121748100001 ], [ -36.982003427499997, -10.3697346549 ], [ -36.984290350599998, -10.3715782585 ], [ -36.996884264, -10.3537167888 ], [ -37.0001113541, -10.3521788316 ], [ -36.999753866799999, -10.3282530207 ], [ -37.006157828500001, -10.3262484072 ], [ -37.017827302500002, -10.332017430600001 ], [ -37.0120774715, -10.312381010699999 ], [ -37.011971241600001, -10.3120197116 ], [ -37.011655045399998, -10.310940283200001 ], [ -37.009003093899999, -10.3018855802 ] ] ] } },
{ "type": "Feature", "properties": { "cod_mun": "2804409", "nome": "Neópolis", "dre": "DRE06", "nome_dre": "DRE 06" }, "geometry": { "type": "Polygon", "coordinates": [ [ [ -36.748991408499997, -10.2612979596 ], [ -36.739648960300002, -10.272212959100001 ], [ -36.735716053200001, -10.281923941900001 ], [ -36.731661867600003, -10.278635659 ], [ -36.712121691599997, -10.2819201608 ], [ -36.705171199399999, -10.2823571215 ], [ -36.707099308499998, -10.2779687185 ], [ -36.701650754100001, -10.2705455119 ], [ -36.6847661726, -10.274830335300001 ], [ -36.681323569100002, -10.273034190600001 ], [ -36.652981931299998, -10.321208734 ], [ -36.600713744899998, -10.305799904 ], [ -36.588609696900001, -10.301400127400001 ], [ -36.573791337499998, -10.314802504 ], [ -36.565586482400001, -10.3290505933 ], [ -36.565563158, -10.329090969799999 ], [ -36.568153649199999, -10.3621493751 ], [ -36.564036756, -10.3796998708 ], [ -36.561261360400003, -10.385267257600001 ], [ -36.561630274599999, -10.4039862619 ], [ -36.565243255200002, -10.4114415148 ], [ -36.562688280499998, -10.4192691504 ], [ -36.565669258100002, -10.431850091199999 ], [ -36.575426598500002, -10.434906910700001 ], [ -36.574620958300002, -10.4380592719 ], [ -36.581852006699997, -10.4372421621 ], [ -36.580435811900003, -10.441008227899999 ], [ -36.582964337500002, -10.4398085918 ], [ -36.586253596799999, -10.444465147700001 ], [ -36.585856459399999, -10.450602308400001 ], [ -36.590459982200002, -10.444872032699999 ], [ -36.595048007400003, -10.4486079536 ], [ -36.593624158600001, -10.459832625200001 ], [ -36.5998049154, -10.4775703262 ], [ -36.5915849704, -10.4816724501 ], [ -36.600204111399997, -10.4911689186 ], [ -36.599810549300003, -10.4964116151 ], [ -36.604931764900002, -10.447412724599999 ], [ -36.605302060699998, -10.443857593200001 ], [ -36.6069099881, -10.433928631200001 ], [ -36.607700989199998, -10.42039208 ], [ -36.5984742172, -10.4146623287 ], [ -36.612393412400003, -10.4112152114 ], [ -36.616567989099998, -10.4097373045 ], [ -36.6494187025, -10.399386382399999 ], [ -36.701720221899997, -10.405468966400001 ], [ -36.718497363499999, -10.380039373800001 ], [ -36.732801887199997, -10.358095322600001 ], [ -36.737953226599998, -10.339794234699999 ], [ -36.7361215966, -10.3263523272 ], [ -36.739239624299998, -10.321028158 ], [ -36.750261516599998, -10.313585209299999 ], [ -36.761745077199997, -10.318248987900001 ], [ -36.769572103400002, -10.310373176400001 ], [ -36.777972973499999, -10.3082250795 ], [ -36.778260877100003, -10.3079163195 ], [ -36.789162486, -10.2985308884 ], [ -36.793637848800003, -10.2881456847 ], [ -36.800030290300001, -10.2865666616 ], [ -36.799045005099998, -10.2821029893 ], [ -36.801729265399999, -10.283805002499999 ], [ -36.799592598700002, -10.2791014904 ], [ -36.798699901399999, -10.278502765400001 ], [ -36.794981614299999, -10.2750310775 ], [ -36.786924921800001, -10.2617917176 ], [ -36.777012468099997, -10.2650339961 ], [ -36.759335296499998, -10.2541395164 ], [ -36.7561527027, -10.261232487599999 ], [ -36.748991408499997, -10.2612979596 ] ] ] } },
{ "type": "Feature", "properties": { "cod_mun": "2804458", "nome": "Nossa Senhora Aparecida", "dre": "DRE03", "nome_dre": "DRE 03" }, "geometry": { "type": "Polygon", "coordinates": [ [ [ -37.578923479, -10.2466275128 ], [ -37.572833827399997, -10.2494065525 ], [ -37.569403978499999, -10.2469838107 ], [ -37.568296614099999, -10.255865855 ], [ -37.561357231, -10.2607343756 ], [ -37.556815266599997, -10.2588952242 ], [ -37.55550116, -10.2663158262 ], [ -37.550617792499999, -10.2621779939 ], [ -37.553137136399997, -10.2582782864 ], [ -37.538943051899999, -10.2583227507 ], [ -37.538722657100003, -10.264572492099999 ], [ -37.542879523899998, -10.2635247106 ], [ -37.541341088599999, -10.268069832 ], [ -37.545255730900003, -10.2686063219 ], [ -37.539004376299999, -10.271861450399999 ], [ -37.530954476300003, -10.282371277 ], [ -37.5247329834, -10.280659972700001 ], [ -37.522530383400003, -10.288733715699999 ], [ -37.5164765062, -10.2882668377 ], [ -37.515894147899999, -10.288405398 ], [ -37.511409178400001, -10.2957273104 ], [ -37.5071200338, -10.2903859836 ], [ -37.505235256600002, -10.2939968583 ], [ -37.4992468855, -10.2923189921 ], [ -37.497820133, -10.2950194077 ], [ -37.487848803600002, -10.283454627099999 ], [ -37.485579094800002, -10.286484207399999 ], [ -37.482138368199998, -10.282378638699999 ], [ -37.482845428700003, -10.295044342400001 ], [ -37.472406747900003, -10.2880087367 ], [ -37.469568979100004, -10.290237532300001 ], [ -37.468344607699997, -10.2816978467 ], [ -37.465334014100002, -10.283160430100001 ], [ -37.462397005500002, -10.2783742829 ], [ -37.459476375900003, -10.2794541129 ], [ -37.458531069899998, -10.2840026801 ], [ -37.461583874299997, -10.284947669899999 ], [ -37.459039264200001, -10.2875056126 ], [ -37.451155048499999, -10.291927159 ], [ -37.446426245399998, -10.289334713800001 ], [ -37.447860050899997, -10.294086056699999 ], [ -37.441939357, -10.2974083177 ], [ -37.4405355679, -10.2950497718 ], [ -37.435275078799997, -10.296133982600001 ], [ -37.435783432299999, -10.303559631300001 ], [ -37.428214288900001, -10.3075228359 ], [ -37.427380938500001, -10.302001945600001 ], [ -37.419972884800003, -10.302881594500001 ], [ -37.420216374399999, -10.3063457669 ], [ -37.417822107500001, -10.306227717100001 ], [ -37.414844235799997, -10.303157601100001 ], [ -37.410329098600002, -10.3049953927 ], [ -37.407807433599999, -10.290732649200001 ], [ -37.403057217099999, -10.291761423300001 ], [ -37.404733903599997, -10.305582145300001 ], [ -37.405926512100002, -10.309123378800001 ], [ -37.406694523100001, -10.3181047511 ], [ -37.413067735299997, -10.345844081799999 ], [ -37.409673071900002, -10.367138260500001 ], [ -37.410735580900003, -10.416166519900001 ], [ -37.410738979599998, -10.416305855499999 ], [ -37.420539555399998, -10.4019783923 ], [ -37.474166232, -10.459479458800001 ], [ -37.484192684100002, -10.4598304096 ], [ -37.492460029, -10.4601187121 ], [ -37.521186585499997, -10.4611228797 ], [ -37.547404652099999, -10.462036807200001 ], [ -37.547975484399998, -10.461240934199999 ], [ -37.548080642099997, -10.461055549399999 ], [ -37.557970688399998, -10.443625278400001 ], [ -37.575185380800001, -10.3708720127 ], [ -37.577626685200002, -10.3299175827 ], [ -37.588766702100003, -10.31217907 ], [ -37.588821562299998, -10.3120929645 ], [ -37.611083461600003, -10.277065995199999 ], [ -37.596241678699997, -10.2503890881 ], [ -37.593733123200003, -10.2515764133 ], [ -37.591217025200002, -10.244658661100001 ], [ -37.580797124699998, -10.2400060563 ], [ -37.578923479, -10.2466275128 ] ] ] } },
{ "type": "Feature", "properties": { "cod_mun": "2804508", "nome": "Nossa Senhora da Glória", "dre": "DRE09", "nome_dre": "DRE 09" }, "geometry": { "type": "Polygon", "coordinates": [ [ [ -37.410413048700001, -10.0644364434 ], [ -37.382362816200001, -10.087333772899999 ], [ -37.382277835499998, -10.087403571899999 ], [ -37.348463069399997, -10.1148042385 ], [ -37.331353314899999, -10.1281826337 ], [ -37.345128727499997, -10.155860432400001 ], [ -37.313800007200001, -10.153341561 ], [ -37.331967678, -10.210421119699999 ], [ -37.336082641899999, -10.211006559099999 ], [ -37.360926871300002, -10.214540973 ], [ -37.384290440699999, -10.217863573 ], [ -37.390886120600001, -10.237823948899999 ], [ -37.3982069654, -10.255315672 ], [ -37.407940792200002, -10.2453110903 ], [ -37.403057217099999, -10.291761423300001 ], [ -37.407807433599999, -10.290732649200001 ], [ -37.410329098600002, -10.3049953927 ], [ -37.414844235799997, -10.303157601100001 ], [ -37.417822107500001, -10.306227717100001 ], [ -37.420216374399999, -10.3063457669 ], [ -37.419972884800003, -10.302881594500001 ], [ -37.427380938500001, -10.302001945600001 ], [ -37.428214288900001, -10.3075228359 ], [ -37.435783432299999, -10.303559631300001 ], [ -37.435275078799997, -10.296133982600001 ], [ -37.4405355679, -10.2950497718 ], [ -37.441939357, -10.2974083177 ], [ -37.447860050899997, -10.294086056699999 ], [ -37.446426245399998, -10.289334713800001 ], [ -37.451155048499999, -10.291927159 ], [ -37.459039264200001, -10.2875056126 ], [ -37.461583874299997, -10.284947669899999 ], [ -37.458531069899998, -10.2840026801 ], [ -37.459476375900003, -10.2794541129 ], [ -37.462397005500002, -10.2783742829 ], [ -37.465334014100002, -10.283160430100001 ], [ -37.468344607699997, -10.2816978467 ], [ -37.469568979100004, -10.290237532300001 ], [ -37.472406747900003, -10.2880087367 ], [ -37.482845428700003, -10.295044342400001 ], [ -37.482138368199998, -10.282378638699999 ], [ -37.485579094800002, -10.286484207399999 ], [ -37.487848803600002, -10.283454627099999 ], [ -37.497820133, -10.2950194077 ], [ -37.4992468855, -10.2923189921 ], [ -37.505235256600002, -10.2939968583 ], [ -37.5071200338, -10.2903859836 ], [ -37.511409178400001, -10.2957273104 ], [ -37.515894147899999, -10.288405398 ], [ -37.5164765062, -10.2882668377 ], [ -37.522530383400003, -10.288733715699999 ], [ -37.5247329834, -10.280659972700001 ], [ -37.530954476300003, -10.282371277 ], [ -37.539004376299999, -10.271861450399999 ], [ -37.545255730900003, -10.2686063219 ], [ -37.541341088599999, -10.268069832 ], [ -37.542879523899998, -10.2635247106 ], [ -37.538722657100003, -10.264572492099999 ], [ -37.538943051899999, -10.2583227507 ], [ -37.553137136399997, -10.2582782864 ], [ -37.550617792499999, -10.2621779939 ], [ -37.55550116, -10.2663158262 ], [ -37.556815266599997, -10.2588952242 ], [ -37.561357231, -10.2607343756 ], [ -37.568296614099999, -10.255865855 ], [ -37.569403978499999, -10.2469838107 ], [ -37.572833827399997, -10.2494065525 ], [ -37.578923479, -10.2466275128 ], [ -37.580797124699998, -10.2400060563 ], [ -37.591217025200002, -10.244658661100001 ], [ -37.593733123200003, -10.2515764133 ], [ -37.596241678699997, -10.2503890881 ], [ -37.600763871200002, -10.246896960500001 ], [ -37.599957440399997, -10.242663010399999 ], [ -37.606364429700001, -10.239506626500001 ], [ -37.613206168700003, -10.2491024265 ], [ -37.616339161500001, -10.240216480200001 ], [ -37.623160898199998, -10.243802926400001 ], [ -37.648468340800001, -10.225220996499999 ], [ -37.653488622099999, -10.218375309500001 ], [ -37.6734665603, -10.2059912433 ], [ -37.681196015, -10.2083417579 ], [ -37.681424139599997, -10.2081036968 ], [ -37.6886636594, -10.2036104419 ], [ -37.695100787, -10.2071716963 ], [ -37.700749510500003, -10.2007290567 ], [ -37.7001625451, -10.1927203875 ], [ -37.716985584200003, -10.1874715103 ], [ -37.754879647800003, -10.200283836400001 ], [ -37.765354257799999, -10.1957896722 ], [ -37.779815832600001, -10.187445784399999 ], [ -37.7825850523, -10.1802132288 ], [ -37.774031468499999, -10.144369144900001 ], [ -37.776803314600002, -10.133370659100001 ], [ -37.783150528199997, -10.095248782400001 ], [ -37.745698856700002, -10.111671296600001 ], [ -37.739953107, -10.108922866 ], [ -37.731724061199998, -10.1113116953 ], [ -37.7228594981, -10.1186898231 ], [ -37.698592365, -10.125942929400001 ], [ -37.695625474300002, -10.1284538147 ], [ -37.689199619, -10.1229371198 ], [ -37.679011381400002, -10.1225525667 ], [ -37.671511575399997, -10.1295762122 ], [ -37.666677033699997, -10.126162664500001 ], [ -37.660576778399999, -10.1288390907 ], [ -37.658831835500003, -10.1225652172 ], [ -37.652562649300002, -10.1213930493 ], [ -37.644921603100002, -10.110531569899999 ], [ -37.637372534, -10.1102429484 ], [ -37.629525922299997, -10.1023749703 ], [ -37.621165640599997, -10.1056566292 ], [ -37.614128802800003, -10.095397397299999 ], [ -37.603379079, -10.102660629900001 ], [ -37.59804802, -10.093599441 ], [ -37.594418866799998, -10.0970370611 ], [ -37.589110217399998, -10.0897067611 ], [ -37.5834274694, -10.091180719600001 ], [ -37.584986725599997, -10.094515721900001 ], [ -37.567320722700003, -10.108050969200001 ], [ -37.562861171, -10.1071346033 ], [ -37.557643071299999, -10.121938674900001 ], [ -37.550710151600001, -10.112239836500001 ], [ -37.55059402, -10.112276896699999 ], [ -37.541804325400001, -10.1150958604 ], [ -37.538028796200003, -10.1095739733 ], [ -37.531317923099998, -10.113448005 ], [ -37.524143758599998, -10.1102026327 ], [ -37.522652817500003, -10.103832987400001 ], [ -37.518581566899996, -10.1085897674 ], [ -37.513498662300002, -10.100877223 ], [ -37.505078425599997, -10.103568560799999 ], [ -37.494836281799998, -10.096639954800001 ], [ -37.490019292699998, -10.1015731436 ], [ -37.483908839500003, -10.091689194200001 ], [ -37.480299495700002, -10.0890586973 ], [ -37.474924183900001, -10.0957731744 ], [ -37.463950715499998, -10.091670797 ], [ -37.459440981599997, -10.095913187400001 ], [ -37.4599593939, -10.102393449599999 ], [ -37.448521629799998, -10.1046230194 ], [ -37.448249349800001, -10.104675974899999 ], [ -37.435834823100002, -10.1006023165 ], [ -37.439738554500003, -10.090865817299999 ], [ -37.432799160899997, -10.0849453292 ], [ -37.4399330002, -10.085041586499999 ], [ -37.442287751099997, -10.0763416036 ], [ -37.4352880271, -10.0715511113 ], [ -37.427881093, -10.0764203535 ], [ -37.429565500800003, -10.0641626898 ], [ -37.413529414800003, -10.076529842199999 ], [ -37.412465835, -10.0687280573 ], [ -37.420086878699998, -10.0678014434 ], [ -37.419759985799999, -10.061810039199999 ], [ -37.410413048700001, -10.0644364434 ] ] ] } },
{ "type": "Feature", "properties": { "cod_mun": "2804607", "nome": "Nossa Senhora das Dores", "dre": "DRE05", "nome_dre": "DRE 05" }, "geometry": { "type": "Polygon", "coordinates": [ [ [ -37.235159053399997, -10.3013660274 ], [ -37.235149088900002, -10.305332716 ], [ -37.248906672899999, -10.318081684199999 ], [ -37.239359004100002, -10.3410559828 ], [ -37.239427661800001, -10.358820785600001 ], [ -37.232360589700001, -10.3630669858 ], [ -37.2280706966, -10.3759207667 ], [ -37.228039815199999, -10.3764510729 ], [ -37.225135919400003, -10.379849335499999 ], [ -37.223485542600002, -10.381163915 ], [ -37.211325596199998, -10.392136948899999 ], [ -37.210911845, -10.3925106657 ], [ -37.2096720877, -10.395202122100001 ], [ -37.206632598299997, -10.4018011202 ], [ -37.189591479100002, -10.406389320900001 ], [ -37.180617272, -10.415578742199999 ], [ -37.175012400599996, -10.414676353200001 ], [ -37.169155683, -10.4175249432 ], [ -37.161971334100002, -10.4107598723 ], [ -37.157239074099998, -10.410950056600001 ], [ -37.151223615600003, -10.4143201113 ], [ -37.152247782700002, -10.417979814600001 ], [ -37.148035187600001, -10.416162257 ], [ -37.144148546899999, -10.419961857300001 ], [ -37.132129935400002, -10.406194147700001 ], [ -37.128202226399999, -10.4108374383 ], [ -37.1213705921, -10.4053825006 ], [ -37.118457818499998, -10.4090353451 ], [ -37.1178401162, -10.409686814300001 ], [ -37.114259944499999, -10.412341573899999 ], [ -37.110745712400004, -10.414414991 ], [ -37.111924025599997, -10.4246068272 ], [ -37.112878657300001, -10.432871328599999 ], [ -37.118384576899999, -10.441047323699999 ], [ -37.135215982699997, -10.4515603558 ], [ -37.137651771800002, -10.468749880800001 ], [ -37.137754063599999, -10.4701346055 ], [ -37.1393241878, -10.5066030197 ], [ -37.156236242299997, -10.528585218 ], [ -37.160064198, -10.534285583200001 ], [ -37.160101387399997, -10.534340481599999 ], [ -37.180470454, -10.5623716571 ], [ -37.177852419600001, -10.5650556372 ], [ -37.177442837299999, -10.565474350800001 ], [ -37.171878527200001, -10.571175393500001 ], [ -37.175494360800002, -10.579265060599999 ], [ -37.194295444, -10.591871642 ], [ -37.206926888, -10.607162241 ], [ -37.202501855400001, -10.614176091299999 ], [ -37.204696232499998, -10.624459185099999 ], [ -37.2111036915, -10.617924329499999 ], [ -37.217879785299999, -10.6164399634 ], [ -37.218508829400001, -10.6112306819 ], [ -37.228778724599998, -10.608358734799999 ], [ -37.2306757574, -10.6037859852 ], [ -37.2363102447, -10.603868439399999 ], [ -37.248717753199998, -10.594621201700001 ], [ -37.262820175100003, -10.5768975759 ], [ -37.271845398899998, -10.5779635303 ], [ -37.284407376899999, -10.5737691014 ], [ -37.293929710599997, -10.575833448299999 ], [ -37.303509521199999, -10.5742490396 ], [ -37.311451509800001, -10.564784573800001 ], [ -37.313575833500003, -10.5580785145 ], [ -37.311078483099998, -10.5483000266 ], [ -37.317946001599999, -10.54650155 ], [ -37.320680665099999, -10.5399921134 ], [ -37.321939197299997, -10.5378995397 ], [ -37.325562044800002, -10.5320634571 ], [ -37.325909784, -10.5314993601 ], [ -37.3355377866, -10.5197416491 ], [ -37.335806565299997, -10.519413501400001 ], [ -37.359420768900002, -10.4828390202 ], [ -37.348991758499999, -10.4911293341 ], [ -37.301875419300004, -10.4750501775 ], [ -37.301073629500003, -10.4747767689 ], [ -37.274501920500001, -10.465003704700001 ], [ -37.280500219899999, -10.4615369536 ], [ -37.290131098400003, -10.4665514593 ], [ -37.292119958100002, -10.4581348208 ], [ -37.287390910600003, -10.4540151766 ], [ -37.289602412400001, -10.4481612435 ], [ -37.2944441052, -10.448734308500001 ], [ -37.295398576799997, -10.441231227799999 ], [ -37.291882228, -10.4379101048 ], [ -37.294401332600003, -10.4332214769 ], [ -37.302481959600001, -10.4359519973 ], [ -37.3080933751, -10.4254812196 ], [ -37.318099353599997, -10.433719142099999 ], [ -37.325271273399999, -10.4329555583 ], [ -37.331414309400003, -10.4314220073 ], [ -37.334077697300003, -10.4265541945 ], [ -37.331810670400003, -10.4241765038 ], [ -37.324042141600003, -10.4205373241 ], [ -37.33150756, -10.4174585349 ], [ -37.329291278600003, -10.4127289908 ], [ -37.332748898600002, -10.407004347100001 ], [ -37.334690967199997, -10.4000717013 ], [ -37.348032656500003, -10.3997121007 ], [ -37.340866871899998, -10.383798863599999 ], [ -37.345105664599998, -10.3802113507 ], [ -37.3433505725, -10.378099646500001 ], [ -37.334290546399998, -10.378722619099999 ], [ -37.326064505300003, -10.374574578100001 ], [ -37.325796908199997, -10.365612159499999 ], [ -37.3162285692, -10.358559999900001 ], [ -37.317639826300002, -10.3512526382 ], [ -37.308511133099998, -10.3473683982 ], [ -37.301028694800003, -10.3329596413 ], [ -37.302400508600002, -10.327831941199999 ], [ -37.297075406300003, -10.3252973714 ], [ -37.294669658099998, -10.319626447499999 ], [ -37.287262055100001, -10.318911327 ], [ -37.2862040268, -10.313625809199999 ], [ -37.279584268800001, -10.311367048699999 ], [ -37.270076519100002, -10.3142458807 ], [ -37.272559292899999, -10.3086083549 ], [ -37.273679131199998, -10.3060651215 ], [ -37.264838526600002, -10.3031745803 ], [ -37.254311201599997, -10.304749147400001 ], [ -37.243598627700003, -10.297598905699999 ], [ -37.2371125011, -10.300494286399999 ], [ -37.235159053399997, -10.3013660274 ] ] ] } },
{ "type": "Feature", "properties": { "cod_mun": "2804706", "nome": "Nossa Senhora de Lourdes", "dre": "DRE07", "nome_dre": "DRE 07" }, "geometry": { "type": "Polygon", "coordinates": [ [ [ -37.0283304417, -10.1211412844 ], [ -37.032108280400003, -10.132256608900001 ], [ -37.040400624599997, -10.1370066011 ], [ -37.040229818500002, -10.1324974409 ], [ -37.043720662699997, -10.1328925739 ], [ -37.046718530299998, -10.124491709300001 ], [ -37.055207389800003, -10.126774832500001 ], [ -37.064620227799999, -10.135972644100001 ], [ -37.0676227939, -10.0918721073 ], [ -37.064891474900001, -10.077729741100001 ], [ -37.0637649122, -10.071899499300001 ], [ -37.061681521499999, -10.0611201632 ], [ -37.060654487100003, -10.0609724571 ], [ -37.026759342299997, -10.0542575854 ], [ -37.006363326399999, -10.037252694199999 ], [ -36.965412277799999, -10.0258679262 ], [ -36.957800759, -10.0237523641 ], [ -36.956071131500003, -10.023271486700001 ], [ -36.958759229599998, -10.050103160400001 ], [ -36.953563136, -10.071221641799999 ], [ -36.985101972099997, -10.081191865399999 ], [ -36.990213653799998, -10.0828080888 ], [ -37.008130303400002, -10.1038335873 ], [ -37.0159499305, -10.109731848599999 ], [ -37.0283304417, -10.1211412844 ] ] ] } },
{ "type": "Feature", "properties": { "cod_mun": "2804805", "nome": "Nossa Senhora do Socorro", "dre": "DRE08", "nome_dre": "DRE 08" }, "geometry": { "type": "Polygon", "coordinates": [ [ [ -37.045438086499999, -10.825449898700001 ], [ -37.030618018399998, -10.839544092600001 ], [ -37.029193547399998, -10.8548053934 ], [ -37.035384656200002, -10.8679073986 ], [ -37.044156202300002, -10.864508920700001 ], [ -37.057390277300001, -10.864535319 ], [ -37.067684685700002, -10.876858907300001 ], [ -37.074445601699999, -10.864394000900001 ], [ -37.083147221600001, -10.8634074929 ], [ -37.097183269299997, -10.8751258267 ], [ -37.103568276600001, -10.8767202248 ], [ -37.097442899, -10.884646010499999 ], [ -37.103923140299997, -10.886290903800001 ], [ -37.105677151599998, -10.8899446919 ], [ -37.102163153299998, -10.8955143153 ], [ -37.107099466699999, -10.9044093715 ], [ -37.100386399599998, -10.919464658200001 ], [ -37.109965482900002, -10.9154261742 ], [ -37.147542928199996, -10.9290758454 ], [ -37.153847095700002, -10.924329547399999 ], [ -37.162476761900002, -10.925057111799999 ], [ -37.166038844600003, -10.9167282198 ], [ -37.166606878499998, -10.916380207 ], [ -37.172101780200002, -10.9130152783 ], [ -37.172196563100002, -10.905203291899999 ], [ -37.177448072399997, -10.899574230200001 ], [ -37.184687801599999, -10.896915788399999 ], [ -37.190565063599998, -10.886955200099999 ], [ -37.198006972199998, -10.8901688204 ], [ -37.206349582800001, -10.876622859699999 ], [ -37.218694037799999, -10.8783750171 ], [ -37.236207346900002, -10.8688149667 ], [ -37.245814388299998, -10.8645684066 ], [ -37.250591235500004, -10.854629086499999 ], [ -37.260241672399999, -10.852646443 ], [ -37.266656913399999, -10.8465951452 ], [ -37.272094857799999, -10.851751245799999 ], [ -37.2909919624, -10.8520664604 ], [ -37.299663303300001, -10.8470581858 ], [ -37.309010133800001, -10.832631561 ], [ -37.317737089799998, -10.8317698622 ], [ -37.318013112400003, -10.831715518899999 ], [ -37.317326729, -10.831207641 ], [ -37.2432779532, -10.8335034281 ], [ -37.231215325900003, -10.836229404299999 ], [ -37.215070746, -10.848079522700001 ], [ -37.206271193, -10.847746319900001 ], [ -37.189922796499999, -10.852665281 ], [ -37.189903227199999, -10.853403845300001 ], [ -37.180242321800002, -10.854649674099999 ], [ -37.173908450299997, -10.8424062939 ], [ -37.158502884599997, -10.8362553908 ], [ -37.157745820400002, -10.8320125555 ], [ -37.1536975868, -10.8328558983 ], [ -37.1374447257, -10.8351174933 ], [ -37.124533261300002, -10.8335258224 ], [ -37.1112824828, -10.828830139700001 ], [ -37.104296996800002, -10.8191386845 ], [ -37.093174033300002, -10.8231683732 ], [ -37.064536054800001, -10.8226013639 ], [ -37.045438086499999, -10.825449898700001 ] ] ] } },
{ "type": "Feature", "properties": { "cod_mun": "2804904", "nome": "Pacatuba", "dre": "DRE06", "nome_dre": "DRE 06" }, "geometry": { "type": "Polygon", "coordinates": [ [ [ -36.620096076599999, -10.5890130858 ], [ -36.673312114200002, -10.6283408466 ], [ -36.680066766800003, -10.6253525189 ], [ -36.685646052300001, -10.622883507399999 ], [ -36.701354561099997, -10.615930651499999 ], [ -36.707027328800002, -10.613418900199999 ], [ -36.7497637572, -10.5944897991 ], [ -36.732994131700003, -10.530705169100001 ], [ -36.730720179899997, -10.5220602809 ], [ -36.714032148800001, -10.458659433099999 ], [ -36.712282363200003, -10.451676879100001 ], [ -36.701720221899997, -10.405468966400001 ], [ -36.6494187025, -10.399386382399999 ], [ -36.616567989099998, -10.4097373045 ], [ -36.612393412400003, -10.4112152114 ], [ -36.5984742172, -10.4146623287 ], [ -36.607700989199998, -10.42039208 ], [ -36.6069099881, -10.433928631200001 ], [ -36.605302060699998, -10.443857593200001 ], [ -36.604931764900002, -10.447412724599999 ], [ -36.599810549300003, -10.4964116151 ], [ -36.585082460599999, -10.499266734200001 ], [ -36.499074840900001, -10.5125549047 ], [ -36.484302528299999, -10.5281916894 ], [ -36.497338780600003, -10.5380337943 ], [ -36.599943919300003, -10.5795904776 ], [ -36.620096076599999, -10.5890130858 ] ] ] } },
{ "type": "Feature", "properties": { "cod_mun": "2805000", "nome": "Pedra Mole", "dre": "DRE03", "nome_dre": "DRE 03" }, "geometry": { "type": "Polygon", "coordinates": [ [ [ -37.640861854100002, -10.604122415100001 ], [ -37.649812753, -10.6172274319 ], [ -37.655911983899998, -10.6473494865 ], [ -37.662015252, -10.654394595399999 ], [ -37.668565379699999, -10.674280382499999 ], [ -37.663494500699997, -10.6810717153 ], [ -37.664077463700004, -10.6908916193 ], [ -37.662027432800002, -10.702507021700001 ], [ -37.666182846399998, -10.7072086883 ], [ -37.662420009100003, -10.712290406199999 ], [ -37.6638714049, -10.716438607100001 ], [ -37.668725927600001, -10.707506775200001 ], [ -37.6784281228, -10.7139027804 ], [ -37.6843016503, -10.707788535900001 ], [ -37.673563872800003, -10.702195027 ], [ -37.677160145, -10.695885064100001 ], [ -37.6857488578, -10.6919686503 ], [ -37.683508168099998, -10.684157418 ], [ -37.686014257399997, -10.6818046272 ], [ -37.694344965900001, -10.683401764399999 ], [ -37.702500982399997, -10.6772238406 ], [ -37.703731745600003, -10.6692990393 ], [ -37.709716199900001, -10.671050361500001 ], [ -37.713523776499997, -10.665925103299999 ], [ -37.697579042699999, -10.6470443575 ], [ -37.6933048179, -10.6390166479 ], [ -37.696287075100003, -10.6387373746 ], [ -37.701838757099999, -10.641066413100001 ], [ -37.706235180500002, -10.632841664200001 ], [ -37.714797267400002, -10.633819216399999 ], [ -37.7193101493, -10.623943581600001 ], [ -37.7118961798, -10.6086384169 ], [ -37.711314909899997, -10.608928235600001 ], [ -37.704597130899998, -10.606422605400001 ], [ -37.704563948800001, -10.591634571 ], [ -37.695810790800003, -10.5819748449 ], [ -37.6918161802, -10.558422997299999 ], [ -37.6882840687, -10.532942504699999 ], [ -37.674638797900002, -10.5534357955 ], [ -37.649454067, -10.5912342807 ], [ -37.640861854100002, -10.604122415100001 ] ] ] } },
{ "type": "Feature", "properties": { "cod_mun": "2805109", "nome": "Pedrinhas", "dre": "DRE01", "nome_dre": "DRE 01" }, "geometry": { "type": "Polygon", "coordinates": [ [ [ -37.683429099100003, -11.1797579374 ], [ -37.678535410800002, -11.189548713800001 ], [ -37.669971407799999, -11.1826321572 ], [ -37.6691111871, -11.183016396099999 ], [ -37.640936655099999, -11.197873343099999 ], [ -37.640089759200002, -11.1982946807 ], [ -37.608591310199998, -11.201764733799999 ], [ -37.606344128800004, -11.199535886 ], [ -37.605903292299999, -11.199800854299999 ], [ -37.596185896400002, -11.2031015832 ], [ -37.597008926800001, -11.213656101 ], [ -37.607695031200002, -11.217218154499999 ], [ -37.615404156700002, -11.2152396179 ], [ -37.634993510800001, -11.2196159315 ], [ -37.641578279699999, -11.216841179599999 ], [ -37.650565040399997, -11.2202213993 ], [ -37.660170556, -11.2187021924 ], [ -37.671967262800003, -11.2384928096 ], [ -37.677229185900003, -11.235458487100001 ], [ -37.683321791700003, -11.22121821 ], [ -37.689952967300002, -11.204251617200001 ], [ -37.695727490700001, -11.2051947864 ], [ -37.696548893600003, -11.198454654500001 ], [ -37.704646222500003, -11.1927569707 ], [ -37.705090824499997, -11.1923603715 ], [ -37.6911128295, -11.1708030132 ], [ -37.683429099100003, -11.1797579374 ] ] ] } },
{ "type": "Feature", "properties": { "cod_mun": "2805208", "nome": "Pinhão", "dre": "DRE03", "nome_dre": "DRE 03" }, "geometry": { "type": "Polygon", "coordinates": [ [ [ -37.772502251, -10.506176629800001 ], [ -37.730916861, -10.5157046922 ], [ -37.724910896399997, -10.5092156152 ], [ -37.6882840687, -10.532942504699999 ], [ -37.6918161802, -10.558422997299999 ], [ -37.695810790800003, -10.5819748449 ], [ -37.704563948800001, -10.591634571 ], [ -37.704597130899998, -10.606422605400001 ], [ -37.711314909899997, -10.608928235600001 ], [ -37.7118961798, -10.6086384169 ], [ -37.7193101493, -10.623943581600001 ], [ -37.714797267400002, -10.633819216399999 ], [ -37.706235180500002, -10.632841664200001 ], [ -37.716735590699997, -10.644771459199999 ], [ -37.724086763899997, -10.6401118628 ], [ -37.721937042500002, -10.633303943 ], [ -37.730720578700002, -10.630093372599999 ], [ -37.739547189500001, -10.632096644300001 ], [ -37.749701802099999, -10.620735594799999 ], [ -37.754503979699997, -10.6230020916 ], [ -37.766557262, -10.617815284700001 ], [ -37.766991304699999, -10.605408285499999 ], [ -37.771479526299998, -10.602840581500001 ], [ -37.784938371199999, -10.600516669899999 ], [ -37.800123130099998, -10.5910109809 ], [ -37.807379305200001, -10.600237866400001 ], [ -37.814711386500001, -10.594690994700001 ], [ -37.818273754700002, -10.5850390672 ], [ -37.830121288800001, -10.5843201765 ], [ -37.830129756700003, -10.584264819 ], [ -37.825534166499999, -10.579920806500001 ], [ -37.831178790199999, -10.578539467 ], [ -37.830294402, -10.5725913922 ], [ -37.834983696499997, -10.570697232500001 ], [ -37.832766748, -10.5601663992 ], [ -37.839315805799998, -10.5556426796 ], [ -37.840226448099997, -10.549132785299999 ], [ -37.831440789299997, -10.550892814799999 ], [ -37.8275969512, -10.5471983464 ], [ -37.829060412099999, -10.540819733499999 ], [ -37.8234410357, -10.5380951425 ], [ -37.819175587700002, -10.539008413199999 ], [ -37.8219603334, -10.5305382348 ], [ -37.815294386300003, -10.516963753800001 ], [ -37.8086960264, -10.5126230871 ], [ -37.797375012, -10.508690807100001 ], [ -37.779255711099999, -10.5105665745 ], [ -37.772502251, -10.506176629800001 ] ] ] } },
{ "type": "Feature", "properties": { "cod_mun": "2805307", "nome": "Pirambu", "dre": "DRE04", "nome_dre": "DRE 04" }, "geometry": { "type": "Polygon", "coordinates": [ [ [ -36.703498633300001, -10.641688441 ], [ -36.733578833099997, -10.6552101726 ], [ -36.807950221600002, -10.704171839600001 ], [ -36.843820851700002, -10.734851815800001 ], [ -36.853723267100001, -10.743161280300001 ], [ -36.861112585100003, -10.741963442099999 ], [ -36.8691207484, -10.7436373287 ], [ -36.8724708373, -10.740802458699999 ], [ -36.8690252277, -10.736716359800001 ], [ -36.8721998989, -10.735213675800001 ], [ -36.867641618299999, -10.7317301249 ], [ -36.871290519399999, -10.7244133627 ], [ -36.8705234082, -10.7074745154 ], [ -36.875314456200002, -10.707726976 ], [ -36.879932421399999, -10.695099470800001 ], [ -36.885875109700002, -10.697395011299999 ], [ -36.888056685400002, -10.6947475619 ], [ -36.889917318400002, -10.6975330173 ], [ -36.884350814900003, -10.700057895 ], [ -36.892408386100001, -10.7009270449 ], [ -36.895907449399999, -10.7054624432 ], [ -36.9009329585, -10.702207684499999 ], [ -36.900188962199998, -10.6933155954 ], [ -36.908954885599996, -10.6776717107 ], [ -36.923207002600002, -10.676434022800001 ], [ -36.910106684100001, -10.6669729911 ], [ -36.905869473800003, -10.663913039100001 ], [ -36.902992880100001, -10.661834815300001 ], [ -36.898832865400003, -10.663117315199999 ], [ -36.893176842400003, -10.660138436800001 ], [ -36.852588021400003, -10.6288598324 ], [ -36.839781287299999, -10.618991642199999 ], [ -36.7833114389, -10.575485951899999 ], [ -36.765154257200003, -10.5805022091 ], [ -36.754912346099999, -10.5937480519 ], [ -36.7497637572, -10.5944897991 ], [ -36.707027328800002, -10.613418900199999 ], [ -36.701354561099997, -10.615930651499999 ], [ -36.685646052300001, -10.622883507399999 ], [ -36.680066766800003, -10.6253525189 ], [ -36.673312114200002, -10.6283408466 ], [ -36.703498633300001, -10.641688441 ] ] ] } },
{ "type": "Feature", "properties": { "cod_mun": "2805406", "nome": "Poço Redondo", "dre": "DRE09", "nome_dre": "DRE 09" }, "geometry": { "type": "Polygon", "coordinates": [ [ [ -37.545760399800002, -9.874286614300001 ], [ -37.564158878100002, -9.902336521700001 ], [ -37.567167098600002, -9.9069222854 ], [ -37.603374272499998, -9.9621399841 ], [ -37.603477915399999, -9.9622911035 ], [ -37.608300393900002, -9.969328880500001 ], [ -37.619209487799999, -9.9735792859 ], [ -37.6313727585, -9.973748051299999 ], [ -37.640852178400003, -9.978551613900001 ], [ -37.653420667900001, -9.9944174646 ], [ -37.663502213299999, -9.9980488042 ], [ -37.665883480600002, -10.015309505399999 ], [ -37.672523153900002, -10.025093893899999 ], [ -37.684913205100003, -10.027623619 ], [ -37.691872228900003, -10.019924443200001 ], [ -37.697558443799998, -10.021182317399999 ], [ -37.701537668100002, -10.013841458 ], [ -37.722009668600002, -10.027923487400001 ], [ -37.730681102799998, -10.0235750273 ], [ -37.731163565499998, -10.020519996399999 ], [ -37.738036320500001, -10.024595135 ], [ -37.738231697, -10.029001709899999 ], [ -37.754072463100002, -10.025715938799999 ], [ -37.775439103899998, -10.033151564600001 ], [ -37.807921441799998, -10.03154531 ], [ -37.823549359499999, -10.035380350800001 ], [ -37.823581322300001, -10.0341080491 ], [ -37.822950370900003, -10.015235495100001 ], [ -37.832873326300003, -9.9979217094 ], [ -37.8492514864, -9.9926856054 ], [ -37.8751023166, -9.9783472488 ], [ -37.881059223699999, -9.980304007299999 ], [ -37.915171636, -9.9754334486 ], [ -37.921807537799999, -9.9727929388 ], [ -37.926987806200003, -9.9651588902 ], [ -37.936329348599998, -9.9655937876 ], [ -37.926126307499999, -9.9533909138 ], [ -37.925187330299998, -9.9434830578 ], [ -37.919902985, -9.935472319600001 ], [ -37.900296141399998, -9.920199189 ], [ -37.896998259, -9.912609975300001 ], [ -37.886829002799999, -9.913346778099999 ], [ -37.882425448699998, -9.9104999279 ], [ -37.867816489799999, -9.897660931300001 ], [ -37.869072165799999, -9.866008798299999 ], [ -37.868175371699998, -9.8542046076 ], [ -37.863657322199998, -9.8470134497 ], [ -37.868670498900002, -9.841214139 ], [ -37.859096401099997, -9.800920556299999 ], [ -37.854043796200003, -9.7955639547 ], [ -37.853958085400002, -9.783694564499999 ], [ -37.854153169299998, -9.782814759 ], [ -37.840718898299997, -9.7616924055 ], [ -37.843123993900001, -9.7478936135 ], [ -37.833545294399997, -9.709511082100001 ], [ -37.830647224700002, -9.7028523422 ], [ -37.822800404, -9.701077357899999 ], [ -37.821433527799996, -9.7007678022 ], [ -37.781615929499999, -9.6917584503 ], [ -37.781098957600001, -9.691641715899999 ], [ -37.748543696900001, -9.6842746159 ], [ -37.666130829799997, -9.6656203398 ], [ -37.659981471899997, -9.6768420181 ], [ -37.6564886082, -9.683214275 ], [ -37.644739634300002, -9.6912662537 ], [ -37.6034365075, -9.7178057676 ], [ -37.601577966800001, -9.718791384399999 ], [ -37.581345177899998, -9.733658112400001 ], [ -37.571554463200002, -9.7383001157 ], [ -37.553188733799999, -9.7402286682 ], [ -37.527266781100003, -9.7436948877 ], [ -37.523870617500002, -9.744473296300001 ], [ -37.473358214, -9.7464132343 ], [ -37.4665118924, -9.7491001481 ], [ -37.5065031655, -9.814227363 ], [ -37.527469386500002, -9.8464067778 ], [ -37.527527794100003, -9.846496521200001 ], [ -37.5291633545, -9.848988478200001 ], [ -37.529242156199999, -9.849107891 ], [ -37.545760399800002, -9.874286614300001 ] ] ] } },
{ "type": "Feature", "properties": { "cod_mun": "2805505", "nome": "Poço Verde", "dre": "DRE02", "nome_dre": "DRE 02" }, "geometry": { "type": "Polygon", "coordinates": [ [ [ -38.033705609800002, -10.7120800435 ], [ -38.021078072800002, -10.730497113 ], [ -38.012254675400001, -10.734801638 ], [ -37.990477567900001, -10.756501998399999 ], [ -37.984839116, -10.758645313700001 ], [ -37.974134746099999, -10.7547767392 ], [ -37.972259864900003, -10.754099114700001 ], [ -37.971383148900003, -10.7684976414 ], [ -37.971377675299998, -10.768598533800001 ], [ -37.969815508899998, -10.7941878256 ], [ -37.969900566299998, -10.8253739786 ], [ -38.025958326800001, -10.815363871900001 ], [ -38.045479117799999, -10.817999950400001 ], [ -38.074421358899997, -10.81822845 ], [ -38.078299566399998, -10.8216585235 ], [ -38.086030854, -10.8217447265 ], [ -38.086043148199998, -10.8247321554 ], [ -38.097493794400002, -10.829902968 ], [ -38.102352463099997, -10.829518051 ], [ -38.107889110499997, -10.836084318299999 ], [ -38.114453385, -10.8337621437 ], [ -38.118193108900002, -10.843179449599999 ], [ -38.124550727100001, -10.8482353945 ], [ -38.127477570300002, -10.8569835831 ], [ -38.119297285899997, -10.8686102074 ], [ -38.128871902, -10.891005760500001 ], [ -38.135367964899999, -10.894003306 ], [ -38.1385859138, -10.899817027499999 ], [ -38.156943495100002, -10.9000548741 ], [ -38.162286587200001, -10.910800399299999 ], [ -38.163720525899997, -10.9207086964 ], [ -38.170049212599999, -10.926325149 ], [ -38.167228376300002, -10.9404102534 ], [ -38.180562225199999, -10.9437587481 ], [ -38.200664517, -10.937949914200001 ], [ -38.202446643800002, -10.9348888673 ], [ -38.198797667500003, -10.9269437133 ], [ -38.2051916761, -10.9215526831 ], [ -38.210776737800003, -10.9307957555 ], [ -38.214788012299998, -10.923089771900001 ], [ -38.225990483899999, -10.916142021800001 ], [ -38.229763660700002, -10.8938103029 ], [ -38.236104736199998, -10.8812029837 ], [ -38.237424293700002, -10.8590690273 ], [ -38.231841408900003, -10.8394720965 ], [ -38.239217253900001, -10.825940001899999 ], [ -38.242562518100002, -10.8275255874 ], [ -38.244693187899998, -10.8225374007 ], [ -38.234605054399999, -10.811663789600001 ], [ -38.236296265900002, -10.807557775799999 ], [ -38.235995829300002, -10.7957975706 ], [ -38.232722701900002, -10.7926941433 ], [ -38.218091284099998, -10.782098146799999 ], [ -38.209991924400001, -10.7561838368 ], [ -38.210007803700002, -10.7561435844 ], [ -38.217075218700003, -10.7377741491 ], [ -38.217770893, -10.7357967392 ], [ -38.215072078299997, -10.7246137296 ], [ -38.210449340099998, -10.716797531799999 ], [ -38.198634574099998, -10.710553003699999 ], [ -38.185947648099997, -10.707048864200001 ], [ -38.175003206, -10.7058252034 ], [ -38.170011071399998, -10.7118931572 ], [ -38.156380482499998, -10.712085421499999 ], [ -38.144754073599998, -10.717465394 ], [ -38.122550696099999, -10.717914605600001 ], [ -38.112077938299997, -10.7128137705 ], [ -38.100379798200002, -10.7124179879 ], [ -38.0672743298, -10.7152280624 ], [ -38.048908433199998, -10.705505387500001 ], [ -38.046736047800003, -10.693068031399999 ], [ -38.041742192599997, -10.700354684100001 ], [ -38.040319046, -10.7024322108 ], [ -38.033705609800002, -10.7120800435 ] ] ] } },
{ "type": "Feature", "properties": { "cod_mun": "2805604", "nome": "Porto da Folha", "dre": "DRE07", "nome_dre": "DRE 07" }, "geometry": { "type": "Polygon", "coordinates": [ [ [ -37.2309415219, -9.9122902559 ], [ -37.233650106200002, -9.9569154866 ], [ -37.256926949700002, -9.9582841655 ], [ -37.260960651600001, -9.9650671768 ], [ -37.268139011599999, -9.961076245 ], [ -37.272594454199997, -9.965200515 ], [ -37.265622885200003, -9.9933799323 ], [ -37.284704822599998, -9.9882332926 ], [ -37.288287939299998, -9.993457400200001 ], [ -37.286171309, -10.009417775299999 ], [ -37.294318783, -10.015492050300001 ], [ -37.302012969700002, -10.0022050167 ], [ -37.307871387699997, -9.999406070899999 ], [ -37.312710707699999, -9.9994923423 ], [ -37.3159586839, -10.007557264900001 ], [ -37.324987885, -10.0125561983 ], [ -37.332301818799998, -10.015385394 ], [ -37.327976575599997, -10.009746361099999 ], [ -37.3340999881, -10.0037743858 ], [ -37.3326990455, -9.993300339799999 ], [ -37.339095765700002, -9.986362855199999 ], [ -37.343607933100003, -9.9921574201 ], [ -37.343068059, -9.998911598199999 ], [ -37.348609720200002, -9.9995719049 ], [ -37.351842165500003, -9.9935937384 ], [ -37.354523831199998, -9.999694509799999 ], [ -37.354287407100003, -10.004211010200001 ], [ -37.348191446900003, -10.0035309506 ], [ -37.353708721099999, -10.015256809 ], [ -37.359623601899997, -10.0131566584 ], [ -37.3648368964, -10.0154176351 ], [ -37.363781262700002, -10.009939753899999 ], [ -37.366844473599997, -10.0070761138 ], [ -37.379344598400003, -10.0099331439 ], [ -37.372717301500003, -10.016819208899999 ], [ -37.372866927700002, -10.020937336699999 ], [ -37.380036853599997, -10.0209622749 ], [ -37.3763399945, -10.0256310565 ], [ -37.384716274200002, -10.030333093399999 ], [ -37.3832406131, -10.037558326899999 ], [ -37.391828303499999, -10.040356217099999 ], [ -37.394455153899997, -10.0488898247 ], [ -37.399991466400003, -10.0451737707 ], [ -37.400967386200001, -10.0522715614 ], [ -37.409211255499997, -10.0517042717 ], [ -37.419759985799999, -10.061810039199999 ], [ -37.427851803099998, -10.055381197399999 ], [ -37.469719487699997, -10.022102953899999 ], [ -37.4879782517, -10.017495783299999 ], [ -37.523542696299998, -10.0085153692 ], [ -37.543495760600003, -10.0034738243 ], [ -37.563160206600003, -9.9985757657 ], [ -37.582389057900002, -9.9981606666 ], [ -37.5870362908, -10.011614575 ], [ -37.590428645599999, -10.015902027299999 ], [ -37.594942222699999, -10.015702149 ], [ -37.596765516600001, -10.023546419200001 ], [ -37.6064972215, -10.019161486 ], [ -37.614391345800001, -10.025801725599999 ], [ -37.6256520369, -10.026050834199999 ], [ -37.628942530099998, -10.0215167097 ], [ -37.633237139800002, -10.0240603575 ], [ -37.637749247400002, -10.018624552 ], [ -37.644639818, -10.0224020066 ], [ -37.6557332832, -10.013736603 ], [ -37.665883480600002, -10.015309505399999 ], [ -37.663502213299999, -9.9980488042 ], [ -37.653420667900001, -9.9944174646 ], [ -37.640852178400003, -9.978551613900001 ], [ -37.6313727585, -9.973748051299999 ], [ -37.619209487799999, -9.9735792859 ], [ -37.608300393900002, -9.969328880500001 ], [ -37.603477915399999, -9.9622911035 ], [ -37.603374272499998, -9.9621399841 ], [ -37.567167098600002, -9.9069222854 ], [ -37.564158878100002, -9.902336521700001 ], [ -37.545760399800002, -9.874286614300001 ], [ -37.529242156199999, -9.849107891 ], [ -37.5291633545, -9.848988478200001 ], [ -37.527527794100003, -9.846496521200001 ], [ -37.527469386500002, -9.8464067778 ], [ -37.5065031655, -9.814227363 ], [ -37.4665118924, -9.7491001481 ], [ -37.449945624500003, -9.7529204737 ], [ -37.4174130026, -9.762532116199999 ], [ -37.408546126899999, -9.768104643299999 ], [ -37.397258465599997, -9.777116583 ], [ -37.372645052199999, -9.7837333248 ], [ -37.362470683200002, -9.786460143799999 ], [ -37.347967540900001, -9.7926961818 ], [ -37.339724173199997, -9.8001084736 ], [ -37.320777658399997, -9.8200366879 ], [ -37.311338794299999, -9.8240687271 ], [ -37.296855256400001, -9.827174379 ], [ -37.285077084500003, -9.8305377981 ], [ -37.263857123900003, -9.850009353400001 ], [ -37.256594018100003, -9.8598433295 ], [ -37.246849815600001, -9.8842194797 ], [ -37.235198691900003, -9.895611991899999 ], [ -37.226248531899998, -9.899050454299999 ], [ -37.2309415219, -9.9122902559 ] ] ] } },
{ "type": "Feature", "properties": { "cod_mun": "2805703", "nome": "Propriá", "dre": "DRE06", "nome_dre": "DRE 06" }, "geometry": { "type": "Polygon", "coordinates": [ [ [ -36.849640864599998, -10.1857795097 ], [ -36.848299565600001, -10.1879491497 ], [ -36.846244280500002, -10.1860892304 ], [ -36.845310548800001, -10.1889723928 ], [ -36.8353156947, -10.2036484811 ], [ -36.8193120213, -10.214919632799999 ], [ -36.818559022499997, -10.2154132634 ], [ -36.808073001300002, -10.220447868300001 ], [ -36.776528305600003, -10.225502545399999 ], [ -36.755836658500002, -10.231308459799999 ], [ -36.750403759500003, -10.237038673400001 ], [ -36.755816164599999, -10.2459166735 ], [ -36.744219415099998, -10.251733504500001 ], [ -36.7362354654, -10.2516383844 ], [ -36.720054724100002, -10.2645152685 ], [ -36.701650754100001, -10.2705455119 ], [ -36.707099308499998, -10.2779687185 ], [ -36.705171199399999, -10.2823571215 ], [ -36.712121691599997, -10.2819201608 ], [ -36.731661867600003, -10.278635659 ], [ -36.735716053200001, -10.281923941900001 ], [ -36.739648960300002, -10.272212959100001 ], [ -36.748991408499997, -10.2612979596 ], [ -36.7561527027, -10.261232487599999 ], [ -36.759335296499998, -10.2541395164 ], [ -36.777012468099997, -10.2650339961 ], [ -36.786924921800001, -10.2617917176 ], [ -36.794981614299999, -10.2750310775 ], [ -36.798699901399999, -10.278502765400001 ], [ -36.799592598700002, -10.2791014904 ], [ -36.801729265399999, -10.283805002499999 ], [ -36.810708510799998, -10.297332277200001 ], [ -36.8188265171, -10.297257289299999 ], [ -36.835979588800001, -10.2898479285 ], [ -36.836913346599999, -10.2814284778 ], [ -36.841518281900001, -10.2773953562 ], [ -36.839083256899997, -10.270298542400001 ], [ -36.844108986499997, -10.261474756 ], [ -36.848160241800002, -10.2398470532 ], [ -36.851426431500002, -10.237793181200001 ], [ -36.867367996900001, -10.2277699864 ], [ -36.866896614200002, -10.205343470200001 ], [ -36.860405630400003, -10.185394265399999 ], [ -36.856308096600003, -10.1760158018 ], [ -36.849640864599998, -10.1857795097 ] ] ] } },
{ "type": "Feature", "properties": { "cod_mun": "2805802", "nome": "Riachão do Dantas", "dre": "DRE02", "nome_dre": "DRE 02" }, "geometry": { "type": "Polygon", "coordinates": [ [ [ -37.876532337500002, -10.863900294800001 ], [ -37.8659620663, -10.897959670600001 ], [ -37.8745594516, -10.9209593686 ], [ -37.851198805, -10.9340934478 ], [ -37.846358758800001, -10.9339977724 ], [ -37.8397888999, -10.947231547099999 ], [ -37.834152822599997, -10.9509963251 ], [ -37.838833854100002, -10.955367835200001 ], [ -37.8382496551, -10.964175039600001 ], [ -37.839122851600003, -10.969942228600001 ], [ -37.831841151799999, -10.9798781551 ], [ -37.836725511399997, -10.987692512100001 ], [ -37.825068084, -10.9898925508 ], [ -37.821530523, -10.995651361 ], [ -37.821714343300002, -11.004887815 ], [ -37.815926331, -11.0069039704 ], [ -37.811690324799997, -11.003153896200001 ], [ -37.808919388, -11.0109630343 ], [ -37.797854085, -11.012235842300001 ], [ -37.792706321899999, -11.0190452173 ], [ -37.785848472700003, -11.007570211699999 ], [ -37.78149986, -11.0106764058 ], [ -37.776294008599997, -11.006206308699999 ], [ -37.773591330599999, -11.0167563516 ], [ -37.768332124600001, -11.016690174800001 ], [ -37.766048487900001, -11.0097344968 ], [ -37.760748913500002, -11.0109254448 ], [ -37.753783268200003, -11.003551974800001 ], [ -37.748729643799997, -11.010402663300001 ], [ -37.741057329299998, -11.0107981626 ], [ -37.739649947700002, -11.001504485 ], [ -37.745265067799998, -10.996706186400001 ], [ -37.743204591900003, -10.9897750075 ], [ -37.7252434042, -10.9929708801 ], [ -37.718802243799999, -10.9966019842 ], [ -37.7130283435, -11.000453636 ], [ -37.692403126599999, -11.0261895724 ], [ -37.684735636100001, -11.0269256601 ], [ -37.6748086992, -11.0223458364 ], [ -37.669995580200002, -11.031382584499999 ], [ -37.656144605100003, -11.0402646787 ], [ -37.650617503, -11.0469496089 ], [ -37.643669445500002, -11.046334716700001 ], [ -37.63427801, -11.064173613099999 ], [ -37.622070363200002, -11.0670413473 ], [ -37.614786596099997, -11.069858053200001 ], [ -37.616411269099999, -11.072257628299999 ], [ -37.611900018900002, -11.0780090273 ], [ -37.617939688500002, -11.082853151 ], [ -37.623603216200003, -11.0882011746 ], [ -37.633649386, -11.0818885472 ], [ -37.6491152173, -11.108668874699999 ], [ -37.646370864, -11.1257649013 ], [ -37.672103463100001, -11.1481001132 ], [ -37.672184692899997, -11.1481705738 ], [ -37.695205974399997, -11.1661668082 ], [ -37.7065560514, -11.175215247600001 ], [ -37.711910534600001, -11.168566695299999 ], [ -37.718846841500003, -11.1620989829 ], [ -37.727670967400002, -11.1650194849 ], [ -37.737647810799999, -11.1505276816 ], [ -37.742731815, -11.1545914674 ], [ -37.750679144599999, -11.1489204651 ], [ -37.7614501742, -11.1413437823 ], [ -37.765376598700001, -11.142187134 ], [ -37.775262408899998, -11.132635336 ], [ -37.784342775600003, -11.1321437235 ], [ -37.784531002400001, -11.1321064479 ], [ -37.792615856099999, -11.1332422946 ], [ -37.843187844699997, -11.1085177833 ], [ -37.8667976626, -11.0795097561 ], [ -37.894834403899999, -11.044813275199999 ], [ -37.9053406628, -11.0336187716 ], [ -37.915045669500003, -11.024506151800001 ], [ -37.930259409900003, -11.0107248674 ], [ -37.931959405299999, -11.005500805700001 ], [ -37.938691463799998, -11.0043196736 ], [ -37.9462072623, -10.996714219899999 ], [ -37.948660264799997, -10.98619413 ], [ -37.945472220799999, -10.9808796225 ], [ -37.941417542, -10.984914345 ], [ -37.9332857351, -10.972541269 ], [ -37.944019206100002, -10.9463192468 ], [ -37.956620745899997, -10.9336877361 ], [ -37.957856851599999, -10.926787264 ], [ -37.972538999299999, -10.879936993199999 ], [ -37.939035500800003, -10.8883502097 ], [ -37.938459979699999, -10.881590833900001 ], [ -37.932174510400003, -10.8805805569 ], [ -37.923085705799998, -10.8793485293 ], [ -37.896895582500001, -10.871997821 ], [ -37.876688854299999, -10.863902101400001 ], [ -37.876532337500002, -10.863900294800001 ] ] ] } },
{ "type": "Feature", "properties": { "cod_mun": "2805901", "nome": "Riachuelo", "dre": "DRE08", "nome_dre": "DRE 08" }, "geometry": { "type": "Polygon", "coordinates": [ [ [ -37.206620114800003, -10.7062040646 ], [ -37.202159397599999, -10.7103646619 ], [ -37.203121064500003, -10.716073898199999 ], [ -37.199655373799999, -10.720132811699999 ], [ -37.2074092521, -10.725081725800001 ], [ -37.193695343900004, -10.7283865944 ], [ -37.187250761400001, -10.7253417056 ], [ -37.185290875900002, -10.7239347525 ], [ -37.180575923399999, -10.7180520635 ], [ -37.174918206400001, -10.723396427300001 ], [ -37.167910601199999, -10.7270027891 ], [ -37.171406974, -10.733939700100001 ], [ -37.1606239921, -10.736258745100001 ], [ -37.163532005199997, -10.743358838 ], [ -37.161026688900002, -10.750988832799999 ], [ -37.168254648800001, -10.752964071699999 ], [ -37.2153233724, -10.7658260818 ], [ -37.220690330099998, -10.7591760631 ], [ -37.228595551300003, -10.7610686222 ], [ -37.245250812, -10.7779243374 ], [ -37.272945680799999, -10.7519135185 ], [ -37.271504834700004, -10.7471556475 ], [ -37.282192052600003, -10.738151128 ], [ -37.282110835399997, -10.7289460345 ], [ -37.279869597400001, -10.725850900899999 ], [ -37.282677533399998, -10.721100248600001 ], [ -37.276258233, -10.7110563579 ], [ -37.271573379499998, -10.7147598707 ], [ -37.265274017, -10.7125848596 ], [ -37.265303255299997, -10.707510368599999 ], [ -37.259255767399999, -10.7022051195 ], [ -37.2511923944, -10.704799447099999 ], [ -37.249903913399997, -10.7087932804 ], [ -37.245353225, -10.7062148079 ], [ -37.238796300700002, -10.708228312299999 ], [ -37.236609023100002, -10.704442895 ], [ -37.233209630399998, -10.7044637434 ], [ -37.229622900499997, -10.702503571699999 ], [ -37.226977354699997, -10.7078418081 ], [ -37.223908440400002, -10.704448143900001 ], [ -37.232489292700002, -10.696363036699999 ], [ -37.227907427700003, -10.6844361475 ], [ -37.231481583899999, -10.6739782576 ], [ -37.229140636799997, -10.6741792307 ], [ -37.199361865500002, -10.6767367939 ], [ -37.199502155, -10.6893600794 ], [ -37.196693841699997, -10.692348699 ], [ -37.203141784099998, -10.6976444484 ], [ -37.206620114800003, -10.7062040646 ] ] ] } },
{ "type": "Feature", "properties": { "cod_mun": "2806008", "nome": "Ribeirópolis", "dre": "DRE03", "nome_dre": "DRE 03" }, "geometry": { "type": "Polygon", "coordinates": [ [ [ -37.368409194500003, -10.4517655212 ], [ -37.369111336, -10.459242207699999 ], [ -37.366400856, -10.4670303564 ], [ -37.359420768900002, -10.4828390202 ], [ -37.335806565299997, -10.519413501400001 ], [ -37.3355377866, -10.5197416491 ], [ -37.325909784, -10.5314993601 ], [ -37.325562044800002, -10.5320634571 ], [ -37.321939197299997, -10.5378995397 ], [ -37.320680665099999, -10.5399921134 ], [ -37.325367639500001, -10.541301586599999 ], [ -37.333757004100001, -10.543411538300001 ], [ -37.336678295799999, -10.5394586708 ], [ -37.345873902500003, -10.5390821608 ], [ -37.363535425400002, -10.548527204899999 ], [ -37.364061983500001, -10.5590810381 ], [ -37.373283510100002, -10.562798643200001 ], [ -37.394594083900003, -10.5820464325 ], [ -37.412053429700002, -10.5781485466 ], [ -37.422298124199997, -10.5758602129 ], [ -37.441934614, -10.5854830393 ], [ -37.461665419399999, -10.595152108500001 ], [ -37.472170338200002, -10.570285288799999 ], [ -37.473940555699997, -10.566095298800001 ], [ -37.473993207100001, -10.5660196405 ], [ -37.499194929, -10.529623923 ], [ -37.500228940500001, -10.528130278100001 ], [ -37.5062441854, -10.515143485699999 ], [ -37.510670632299998, -10.505586189500001 ], [ -37.547404652099999, -10.462036807200001 ], [ -37.521186585499997, -10.4611228797 ], [ -37.492460029, -10.4601187121 ], [ -37.484192684100002, -10.4598304096 ], [ -37.474166232, -10.459479458800001 ], [ -37.420539555399998, -10.4019783923 ], [ -37.410738979599998, -10.416305855499999 ], [ -37.371665260500002, -10.447032570499999 ], [ -37.368409194500003, -10.4517655212 ] ] ] } },
{ "type": "Feature", "properties": { "cod_mun": "2806107", "nome": "Rosário do Catete", "dre": "DRE04", "nome_dre": "DRE 04" }, "geometry": { "type": "Polygon", "coordinates": [ [ [ -37.0105709698, -10.680979970499999 ], [ -37.016077348400003, -10.6844036109 ], [ -37.005339100800001, -10.696042397199999 ], [ -36.9919018704, -10.702869103899999 ], [ -36.980307621, -10.7003399923 ], [ -36.975016354899999, -10.700860760399999 ], [ -36.970059209, -10.7061762863 ], [ -36.961203010699997, -10.7045756602 ], [ -36.9504966915, -10.713152254400001 ], [ -36.978711276799999, -10.73856137 ], [ -36.995363892199997, -10.730538943299999 ], [ -37.0105492904, -10.732842589700001 ], [ -37.016581203199998, -10.721796573500001 ], [ -37.068276593699999, -10.7474066625 ], [ -37.069925014799999, -10.7487905439 ], [ -37.062451431299998, -10.7175416206 ], [ -37.052913390400001, -10.701618590800001 ], [ -37.059138411399999, -10.6918148293 ], [ -37.068788516200001, -10.6912960232 ], [ -37.075119420699998, -10.684349691 ], [ -37.084568922300001, -10.6862056361 ], [ -37.089027648799998, -10.6827554046 ], [ -37.092626496400001, -10.673289410700001 ], [ -37.090318672099997, -10.6547038842 ], [ -37.088772110100003, -10.6478286969 ], [ -37.092497302399998, -10.640874757700001 ], [ -37.083735844800003, -10.6362007693 ], [ -37.076782383500003, -10.6324916725 ], [ -37.075811402200003, -10.631973266 ], [ -37.0753965408, -10.6309607929 ], [ -37.073295692899997, -10.615413201200001 ], [ -37.035849882699999, -10.625149910399999 ], [ -37.010771331400001, -10.640467575100001 ], [ -37.010972757200001, -10.6753309832 ], [ -37.0105709698, -10.680979970499999 ] ] ] } },
{ "type": "Feature", "properties": { "cod_mun": "2806206", "nome": "Salgado", "dre": "DRE01", "nome_dre": "DRE 01" }, "geometry": { "type": "Polygon", "coordinates": [ [ [ -37.458629761200001, -11.145895275699999 ], [ -37.487513487100003, -11.1526166899 ], [ -37.499481832299999, -11.1554013035 ], [ -37.501094024, -11.1557765181 ], [ -37.5466006495, -11.166363368400001 ], [ -37.554706104300003, -11.1539043129 ], [ -37.543691916699999, -11.1538304182 ], [ -37.546308735399997, -11.147675790799999 ], [ -37.541123276500002, -11.142765320600001 ], [ -37.548364224300002, -11.141646381099999 ], [ -37.553092339, -11.140823086 ], [ -37.538924425399998, -11.096021346300001 ], [ -37.528411523199999, -11.0525644421 ], [ -37.530660258099999, -10.995788791100001 ], [ -37.529852841599997, -10.9932353394 ], [ -37.529828207, -10.9931531 ], [ -37.527991142799998, -10.987346129 ], [ -37.5194380354, -10.9602997847 ], [ -37.518070561400002, -10.9602425933 ], [ -37.505568168400004, -10.963605467400001 ], [ -37.455570100099997, -10.977043672500001 ], [ -37.455295626, -10.977116345200001 ], [ -37.439481657800002, -10.981611127800001 ], [ -37.434002211, -10.9876004022 ], [ -37.427508482, -10.9890760766 ], [ -37.425884392900002, -11.0006378473 ], [ -37.412747965400001, -11.0083764514 ], [ -37.405176645, -11.0275729149 ], [ -37.4041271169, -11.0343280873 ], [ -37.403917836799998, -11.034587635399999 ], [ -37.388971853100003, -11.053125125299999 ], [ -37.422093216500002, -11.0757828374 ], [ -37.437860346500003, -11.086569024399999 ], [ -37.438249761199998, -11.0965817286 ], [ -37.430026560199998, -11.104887490799999 ], [ -37.432182631, -11.1101546232 ], [ -37.437054092499999, -11.1112348046 ], [ -37.438726365699999, -11.115612428 ], [ -37.434870585200002, -11.1173774389 ], [ -37.436941583500001, -11.126396849200001 ], [ -37.458629761200001, -11.145895275699999 ] ] ] } },
{ "type": "Feature", "properties": { "cod_mun": "2806305", "nome": "Santa Luzia do Itanhy", "dre": "DRE01", "nome_dre": "DRE 01" }, "geometry": { "type": "Polygon", "coordinates": [ [ [ -37.603743882300002, -11.3420335011 ], [ -37.600547907699998, -11.3425845584 ], [ -37.590410955899998, -11.325519332 ], [ -37.580769032500001, -11.3264442543 ], [ -37.5718197777, -11.3230336386 ], [ -37.549321118400002, -11.3047360799 ], [ -37.529760488500003, -11.305241025799999 ], [ -37.523236952200001, -11.299609011399999 ], [ -37.502119024099997, -11.303809836699999 ], [ -37.487759745799998, -11.303087619899999 ], [ -37.462066294400003, -11.310557966899999 ], [ -37.452221066699998, -11.3012088063 ], [ -37.451792424700002, -11.301009965 ], [ -37.4462078233, -11.2933419301 ], [ -37.4259497631, -11.3069376019 ], [ -37.421914347799998, -11.3019455157 ], [ -37.407434619, -11.3008723617 ], [ -37.399401787199999, -11.313410101300001 ], [ -37.386950821900001, -11.319351324699999 ], [ -37.377486264799998, -11.3370225612 ], [ -37.388319244199998, -11.354526637299999 ], [ -37.388236698100002, -11.3692961898 ], [ -37.405960523899999, -11.3926735078 ], [ -37.4098220463, -11.410404361599999 ], [ -37.408414255499999, -11.423170025899999 ], [ -37.408359310500003, -11.423428961899999 ], [ -37.413845532400003, -11.4277105182 ], [ -37.421837497, -11.430120945100001 ], [ -37.431667777, -11.423912869500001 ], [ -37.440631223300002, -11.4252564563 ], [ -37.446517772699998, -11.440738550200001 ], [ -37.460718374599999, -11.4439591823 ], [ -37.463879635700003, -11.4512797731 ], [ -37.469236901899997, -11.446478192300001 ], [ -37.471551654499997, -11.446974811 ], [ -37.4698573055, -11.4495567127 ], [ -37.480089809500001, -11.450013632399999 ], [ -37.485234388899997, -11.443168097099999 ], [ -37.492974991200001, -11.4432165386 ], [ -37.493538271299997, -11.4429598307 ], [ -37.503255815899998, -11.4278725551 ], [ -37.507663365200003, -11.414286516800001 ], [ -37.525161851199996, -11.422696648200001 ], [ -37.534851910900002, -11.416013892300001 ], [ -37.558761973300001, -11.414519048900001 ], [ -37.564398164300002, -11.4111195228 ], [ -37.569713289699997, -11.407915779 ], [ -37.572496064500001, -11.4062360913 ], [ -37.5789682614, -11.4023314024 ], [ -37.579180417300002, -11.4022043563 ], [ -37.602014983899998, -11.3884272946 ], [ -37.602084421800001, -11.3883857343 ], [ -37.623549207300002, -11.369087949700001 ], [ -37.625079783300002, -11.367711817 ], [ -37.6253637461, -11.367454389800001 ], [ -37.638596526800001, -11.355552077800001 ], [ -37.638715645300003, -11.355445204800001 ], [ -37.674103990600003, -11.323600067899999 ], [ -37.675007510500002, -11.322783900299999 ], [ -37.6827209247, -11.315840054 ], [ -37.691767742899998, -11.3076934277 ], [ -37.663091613100001, -11.289530490400001 ], [ -37.618279130700003, -11.3291815343 ], [ -37.608591794799999, -11.3377473035 ], [ -37.607211978899997, -11.3389668906 ], [ -37.603743882300002, -11.3420335011 ] ] ] } },
{ "type": "Feature", "properties": { "cod_mun": "2806404", "nome": "Santana do São Francisco", "dre": "DRE06", "nome_dre": "DRE 06" }, "geometry": { "type": "Polygon", "coordinates": [ [ [ -36.600713744899998, -10.305799904 ], [ -36.652981931299998, -10.321208734 ], [ -36.681323569100002, -10.273034190600001 ], [ -36.679032674699997, -10.2693831727 ], [ -36.6576009208, -10.2649054822 ], [ -36.644129605300002, -10.2521134104 ], [ -36.6322451558, -10.2531386923 ], [ -36.630634435799998, -10.2535787586 ], [ -36.625068615700002, -10.2559487941 ], [ -36.621601173800002, -10.258780575099999 ], [ -36.6118951849, -10.2705801635 ], [ -36.5992178833, -10.281446722 ], [ -36.595166352100001, -10.2836929399 ], [ -36.590843357, -10.286956079199999 ], [ -36.588609696900001, -10.301400127400001 ], [ -36.600713744899998, -10.305799904 ] ] ] } },
{ "type": "Feature", "properties": { "cod_mun": "2806503", "nome": "Santa Rosa de Lima", "dre": "DRE04", "nome_dre": "DRE 04" }, "geometry": { "type": "Polygon", "coordinates": [ [ [ -37.265387390699999, -10.5864227181 ], [ -37.250968555699998, -10.5949552718 ], [ -37.248717753199998, -10.594621201700001 ], [ -37.2363102447, -10.603868439399999 ], [ -37.2306757574, -10.6037859852 ], [ -37.228778724599998, -10.608358734799999 ], [ -37.218508829400001, -10.6112306819 ], [ -37.217879785299999, -10.6164399634 ], [ -37.2111036915, -10.617924329499999 ], [ -37.204696232499998, -10.624459185099999 ], [ -37.203027066700002, -10.628020815299999 ], [ -37.193307068800003, -10.626822497599999 ], [ -37.185036928899997, -10.640312116 ], [ -37.181451197400001, -10.641362237799999 ], [ -37.1836603076, -10.6486720041 ], [ -37.180951176599997, -10.654669869799999 ], [ -37.1894759017, -10.6576955994 ], [ -37.190222883899999, -10.663514750399999 ], [ -37.193661113499999, -10.667644431599999 ], [ -37.190581848199997, -10.6686977984 ], [ -37.192647795799999, -10.676489180500001 ], [ -37.199361865500002, -10.6767367939 ], [ -37.229140636799997, -10.6741792307 ], [ -37.231481583899999, -10.6739782576 ], [ -37.238799296800003, -10.664711390700001 ], [ -37.247475529100001, -10.661201868299999 ], [ -37.247041628399998, -10.6506705418 ], [ -37.2598002354, -10.6489195841 ], [ -37.268645959700002, -10.635201968200001 ], [ -37.279688946100002, -10.6325423347 ], [ -37.281249025400001, -10.619986101 ], [ -37.291434383099997, -10.610199250200001 ], [ -37.295115074599998, -10.610429765499999 ], [ -37.296054370500002, -10.600596900499999 ], [ -37.292896943400002, -10.5941014678 ], [ -37.286996707500002, -10.5935537256 ], [ -37.280997980899997, -10.5868615968 ], [ -37.265387390699999, -10.5864227181 ] ] ] } },
{ "type": "Feature", "properties": { "cod_mun": "2806602", "nome": "Santo Amaro das Brotas", "dre": "DRE08", "nome_dre": "DRE 08" }, "geometry": { "type": "Polygon", "coordinates": [ [ [ -36.917192927800002, -10.6858160116 ], [ -36.919270010300004, -10.7010599122 ], [ -36.9149445173, -10.6998640682 ], [ -36.912254568400002, -10.7048043051 ], [ -36.911933923900001, -10.700220548100001 ], [ -36.905394184599999, -10.6974476558 ], [ -36.902698460400003, -10.691867955299999 ], [ -36.900188962199998, -10.6933155954 ], [ -36.9009329585, -10.702207684499999 ], [ -36.895907449399999, -10.7054624432 ], [ -36.892408386100001, -10.7009270449 ], [ -36.884350814900003, -10.700057895 ], [ -36.889917318400002, -10.6975330173 ], [ -36.888056685400002, -10.6947475619 ], [ -36.885875109700002, -10.697395011299999 ], [ -36.879932421399999, -10.695099470800001 ], [ -36.875314456200002, -10.707726976 ], [ -36.8705234082, -10.7074745154 ], [ -36.871290519399999, -10.7244133627 ], [ -36.867641618299999, -10.7317301249 ], [ -36.8721998989, -10.735213675800001 ], [ -36.8690252277, -10.736716359800001 ], [ -36.8724708373, -10.740802458699999 ], [ -36.876425918499997, -10.738553936900001 ], [ -36.883630110399999, -10.7474268024 ], [ -36.899076190899997, -10.7721388963 ], [ -36.925733390399998, -10.788244736899999 ], [ -36.927155407599997, -10.7866560366 ], [ -36.9286104189, -10.790080053600001 ], [ -36.936980275, -10.786839834 ], [ -36.939110440900002, -10.7956078083 ], [ -36.947250592400003, -10.7981557592 ], [ -36.956686937400001, -10.808742537200001 ], [ -36.9602290268, -10.8086869286 ], [ -36.959920277400002, -10.8167582124 ], [ -36.964933653, -10.8192505321 ], [ -36.968621721799998, -10.832830619699999 ], [ -36.978560665400003, -10.8319612454 ], [ -36.982332761899997, -10.8354056869 ], [ -36.984268306899999, -10.8316532001 ], [ -36.988062898800003, -10.8363031376 ], [ -36.981449252700003, -10.843412684800001 ], [ -36.982926894199998, -10.8485234104 ], [ -36.989267511400001, -10.851887365 ], [ -36.994805463100001, -10.8473559149 ], [ -36.9972634517, -10.852559723200001 ], [ -36.994717804700002, -10.857187379300001 ], [ -36.998165691600001, -10.8603017108 ], [ -37.005748722600003, -10.858912541400001 ], [ -37.008872508300001, -10.864417726 ], [ -37.0153113159, -10.863929021 ], [ -37.016092307299999, -10.8745248917 ], [ -37.023823882, -10.8769316341 ], [ -37.027703625900003, -10.884777183 ], [ -37.039410087, -10.8836805361 ], [ -37.035384656200002, -10.8679073986 ], [ -37.029193547399998, -10.8548053934 ], [ -37.030618018399998, -10.839544092600001 ], [ -37.045438086499999, -10.825449898700001 ], [ -37.064536054800001, -10.8226013639 ], [ -37.0749475856, -10.807115275499999 ], [ -37.086987274199998, -10.797968925499999 ], [ -37.0878347461, -10.782744302499999 ], [ -37.080287900599998, -10.7780332259 ], [ -37.0750067922, -10.7787351778 ], [ -37.069248542799997, -10.768975259 ], [ -37.070268766600002, -10.7507150252 ], [ -37.069925014799999, -10.7487905439 ], [ -37.068276593699999, -10.7474066625 ], [ -37.016581203199998, -10.721796573500001 ], [ -37.0105492904, -10.732842589700001 ], [ -36.995363892199997, -10.730538943299999 ], [ -36.978711276799999, -10.73856137 ], [ -36.9504966915, -10.713152254400001 ], [ -36.948866066800001, -10.7115952869 ], [ -36.935473155099999, -10.696121230199999 ], [ -36.917192927800002, -10.6858160116 ] ] ] } },
{ "type": "Feature", "properties": { "cod_mun": "2806701", "nome": "São Cristóvão", "dre": "DRE08", "nome_dre": "DRE 08" }, "geometry": { "type": "Polygon", "coordinates": [ [ [ -37.2909919624, -10.8520664604 ], [ -37.272094857799999, -10.851751245799999 ], [ -37.266656913399999, -10.8465951452 ], [ -37.260241672399999, -10.852646443 ], [ -37.250591235500004, -10.854629086499999 ], [ -37.245814388299998, -10.8645684066 ], [ -37.236207346900002, -10.8688149667 ], [ -37.218694037799999, -10.8783750171 ], [ -37.206349582800001, -10.876622859699999 ], [ -37.198006972199998, -10.8901688204 ], [ -37.190565063599998, -10.886955200099999 ], [ -37.184687801599999, -10.896915788399999 ], [ -37.177448072399997, -10.899574230200001 ], [ -37.172196563100002, -10.905203291899999 ], [ -37.172101780200002, -10.9130152783 ], [ -37.166606878499998, -10.916380207 ], [ -37.166038844600003, -10.9167282198 ], [ -37.162476761900002, -10.925057111799999 ], [ -37.153847095700002, -10.924329547399999 ], [ -37.147542928199996, -10.9290758454 ], [ -37.109965482900002, -10.9154261742 ], [ -37.100386399599998, -10.919464658200001 ], [ -37.090995309599997, -10.9405168463 ], [ -37.099166488400002, -10.9617284675 ], [ -37.102078353800003, -10.9692915596 ], [ -37.138318690799998, -11.0634466323 ], [ -37.144087705499999, -11.057780589 ], [ -37.156188741500003, -11.0542474539 ], [ -37.164988528800002, -11.065689276700001 ], [ -37.173578249899997, -11.0770249901 ], [ -37.171986469700002, -11.083392007800001 ], [ -37.162717871200002, -11.0919318748 ], [ -37.166201644600001, -11.104829257900001 ], [ -37.183107315100003, -11.0932607813 ], [ -37.204452698700003, -11.085496239 ], [ -37.218873181900001, -11.0760792979 ], [ -37.224380603599997, -11.064997595299999 ], [ -37.226838084500002, -11.040174117099999 ], [ -37.253269291400002, -11.0344342642 ], [ -37.284646871, -11.026953108300001 ], [ -37.285150342400001, -11.023019055400001 ], [ -37.295168206900001, -11.0170095627 ], [ -37.298811868800001, -11.0101222023 ], [ -37.3031893741, -10.9977853396 ], [ -37.303207905599997, -10.9977184897 ], [ -37.305278828900001, -10.9932389475 ], [ -37.306036748499999, -10.9858838411 ], [ -37.328543007299999, -10.977387114200001 ], [ -37.324600589600003, -10.9711153514 ], [ -37.333076872200003, -10.963984457 ], [ -37.335290662399998, -10.9524876267 ], [ -37.338354280499999, -10.945847301400001 ], [ -37.331367240399999, -10.938828433199999 ], [ -37.3287623891, -10.921323625799999 ], [ -37.318025159, -10.8341101176 ], [ -37.317737089799998, -10.8317698622 ], [ -37.309010133800001, -10.832631561 ], [ -37.299663303300001, -10.8470581858 ], [ -37.2909919624, -10.8520664604 ] ] ] } },
{ "type": "Feature", "properties": { "cod_mun": "2806800", "nome": "São Domingos", "dre": "DRE03", "nome_dre": "DRE 03" }, "geometry": { "type": "Polygon", "coordinates": [ [ [ -37.589960177, -10.700564541 ], [ -37.585874615, -10.7115596114 ], [ -37.587451045800002, -10.720788684 ], [ -37.570170426300002, -10.743710624 ], [ -37.564350633, -10.7510176505 ], [ -37.559671123699999, -10.756892895 ], [ -37.562605623499998, -10.760609848 ], [ -37.565860849, -10.7673970786 ], [ -37.561051642099997, -10.775273759199999 ], [ -37.558399890600001, -10.7783941074 ], [ -37.549534479199998, -10.783315607900001 ], [ -37.5434093004, -10.779876656800001 ], [ -37.535829284400002, -10.784451409500001 ], [ -37.5346998419, -10.7822140867 ], [ -37.527875002099996, -10.7840870317 ], [ -37.5297713641, -10.7903909432 ], [ -37.5226210529, -10.7937865227 ], [ -37.519733382, -10.792224198 ], [ -37.521381515900003, -10.800173360800001 ], [ -37.5159841376, -10.798425680699999 ], [ -37.516662467400003, -10.803723525400001 ], [ -37.5239968566, -10.8092916057 ], [ -37.524190971800003, -10.809439087 ], [ -37.519648549700001, -10.812333256100001 ], [ -37.524220032700001, -10.8191254498 ], [ -37.5118455478, -10.8255204768 ], [ -37.507132757299999, -10.8242494046 ], [ -37.497526599700002, -10.8325870463 ], [ -37.509187727700002, -10.834953213 ], [ -37.511139543799999, -10.8434308016 ], [ -37.51706335, -10.8439856243 ], [ -37.540646116600001, -10.838444193 ], [ -37.544328806099998, -10.835017452200001 ], [ -37.551614990399997, -10.839934832799999 ], [ -37.565160839599997, -10.836172232 ], [ -37.572739169899997, -10.8392659359 ], [ -37.581114128899998, -10.8361355065 ], [ -37.596942006100001, -10.8218123271 ], [ -37.597216628, -10.8210767168 ], [ -37.6003140268, -10.8145125083 ], [ -37.610093012299998, -10.812255461399999 ], [ -37.613639009400003, -10.8007494562 ], [ -37.613413375299999, -10.7953785592 ], [ -37.6002971773, -10.780949325 ], [ -37.607463101800001, -10.767110623100001 ], [ -37.6198874022, -10.748014878 ], [ -37.632749948700003, -10.7468893266 ], [ -37.628268701099998, -10.7402662115 ], [ -37.632133688700002, -10.7317281413 ], [ -37.6297693267, -10.724763235899999 ], [ -37.6170928632, -10.714059283199999 ], [ -37.617968169400001, -10.7115697798 ], [ -37.611162129299998, -10.7121300201 ], [ -37.609221348799998, -10.7061973115 ], [ -37.605343453499998, -10.708720190499999 ], [ -37.607757985200003, -10.7000050148 ], [ -37.604462304099997, -10.6932082371 ], [ -37.595402040099998, -10.6955779232 ], [ -37.589960177, -10.700564541 ] ] ] } },
{ "type": "Feature", "properties": { "cod_mun": "2806909", "nome": "São Francisco", "dre": "DRE06", "nome_dre": "DRE 06" }, "geometry": { "type": "Polygon", "coordinates": [ [ [ -36.835979588800001, -10.2898479285 ], [ -36.8188265171, -10.297257289299999 ], [ -36.8226164963, -10.30347841 ], [ -36.8172708082, -10.3106367485 ], [ -36.8209553891, -10.310963316400001 ], [ -36.827059756899999, -10.3322428028 ], [ -36.838466075699998, -10.3418923458 ], [ -36.839644115, -10.3557390239 ], [ -36.848740259800003, -10.372801880900001 ], [ -36.855275233599997, -10.381587810199999 ], [ -36.894698339400001, -10.385763298800001 ], [ -36.902814535, -10.4028915387 ], [ -36.915415643899998, -10.392984738399999 ], [ -36.913804926, -10.3790405661 ], [ -36.913257093799999, -10.3742954052 ], [ -36.900407441200002, -10.349691738300001 ], [ -36.902321381, -10.3237821986 ], [ -36.885859878600002, -10.3003949557 ], [ -36.880570862699997, -10.296415831 ], [ -36.874964869599999, -10.2966953222 ], [ -36.855573305199997, -10.278108363299999 ], [ -36.844108986499997, -10.261474756 ], [ -36.839083256899997, -10.270298542400001 ], [ -36.841518281900001, -10.2773953562 ], [ -36.836913346599999, -10.2814284778 ], [ -36.835979588800001, -10.2898479285 ] ] ] } },
{ "type": "Feature", "properties": { "cod_mun": "2807006", "nome": "São Miguel do Aleixo", "dre": "DRE03", "nome_dre": "DRE 03" }, "geometry": { "type": "Polygon", "coordinates": [ [ [ -37.393764344300003, -10.288221221100001 ], [ -37.389348033200001, -10.2938858608 ], [ -37.386598428299997, -10.2930510194 ], [ -37.38725478, -10.3047193201 ], [ -37.385163195200001, -10.3085876898 ], [ -37.391346709600001, -10.3172915845 ], [ -37.387519746499997, -10.3195139564 ], [ -37.382420640299998, -10.315370998800001 ], [ -37.377851405100003, -10.3169138413 ], [ -37.373310023499997, -10.3299758484 ], [ -37.3713421709, -10.327377391600001 ], [ -37.3688064161, -10.330026635699999 ], [ -37.362533843599998, -10.3288070713 ], [ -37.3559475068, -10.3339456178 ], [ -37.360381118399999, -10.3362881151 ], [ -37.359215320300002, -10.3444971401 ], [ -37.349876171600002, -10.346496732 ], [ -37.349909765900001, -10.355352739200001 ], [ -37.344534753399998, -10.357973937900001 ], [ -37.3449482471, -10.3624663745 ], [ -37.351041907700001, -10.3646486508 ], [ -37.353627204200002, -10.362653868800001 ], [ -37.356380832299998, -10.368422062800001 ], [ -37.349271321, -10.371220237899999 ], [ -37.349611741499999, -10.376060468 ], [ -37.349600281100003, -10.3761198946 ], [ -37.348592223600001, -10.384112805299999 ], [ -37.340866871899998, -10.383798863599999 ], [ -37.348032656500003, -10.3997121007 ], [ -37.334690967199997, -10.4000717013 ], [ -37.332748898600002, -10.407004347100001 ], [ -37.329291278600003, -10.4127289908 ], [ -37.33150756, -10.4174585349 ], [ -37.324042141600003, -10.4205373241 ], [ -37.331810670400003, -10.4241765038 ], [ -37.334077697300003, -10.4265541945 ], [ -37.331414309400003, -10.4314220073 ], [ -37.325271273399999, -10.4329555583 ], [ -37.318099353599997, -10.433719142099999 ], [ -37.3080933751, -10.4254812196 ], [ -37.302481959600001, -10.4359519973 ], [ -37.294401332600003, -10.4332214769 ], [ -37.291882228, -10.4379101048 ], [ -37.295398576799997, -10.441231227799999 ], [ -37.2944441052, -10.448734308500001 ], [ -37.289602412400001, -10.4481612435 ], [ -37.287390910600003, -10.4540151766 ], [ -37.292119958100002, -10.4581348208 ], [ -37.290131098400003, -10.4665514593 ], [ -37.280500219899999, -10.4615369536 ], [ -37.274501920500001, -10.465003704700001 ], [ -37.301073629500003, -10.4747767689 ], [ -37.301875419300004, -10.4750501775 ], [ -37.348991758499999, -10.4911293341 ], [ -37.359420768900002, -10.4828390202 ], [ -37.366400856, -10.4670303564 ], [ -37.369111336, -10.459242207699999 ], [ -37.368409194500003, -10.4517655212 ], [ -37.371665260500002, -10.447032570499999 ], [ -37.410738979599998, -10.416305855499999 ], [ -37.410735580900003, -10.416166519900001 ], [ -37.409673071900002, -10.367138260500001 ], [ -37.413067735299997, -10.345844081799999 ], [ -37.406694523100001, -10.3181047511 ], [ -37.405926512100002, -10.309123378800001 ], [ -37.404733903599997, -10.305582145300001 ], [ -37.403057217099999, -10.291761423300001 ], [ -37.407940792200002, -10.2453110903 ], [ -37.3982069654, -10.255315672 ], [ -37.394042140300002, -10.2595741438 ], [ -37.390424437100002, -10.2731724175 ], [ -37.393764344300003, -10.288221221100001 ] ] ] } },
{ "type": "Feature", "properties": { "cod_mun": "2807105", "nome": "Simão Dias", "dre": "DRE02", "nome_dre": "DRE 02" }, "geometry": { "type": "Polygon", "coordinates": [ [ [ -37.814711386500001, -10.594690994700001 ], [ -37.807379305200001, -10.600237866400001 ], [ -37.800123130099998, -10.5910109809 ], [ -37.784938371199999, -10.600516669899999 ], [ -37.771479526299998, -10.602840581500001 ], [ -37.766991304699999, -10.605408285499999 ], [ -37.766557262, -10.617815284700001 ], [ -37.754503979699997, -10.6230020916 ], [ -37.749701802099999, -10.620735594799999 ], [ -37.739547189500001, -10.632096644300001 ], [ -37.730720578700002, -10.630093372599999 ], [ -37.721937042500002, -10.633303943 ], [ -37.724086763899997, -10.6401118628 ], [ -37.716735590699997, -10.644771459199999 ], [ -37.706235180500002, -10.632841664200001 ], [ -37.701838757099999, -10.641066413100001 ], [ -37.696287075100003, -10.6387373746 ], [ -37.6933048179, -10.6390166479 ], [ -37.697579042699999, -10.6470443575 ], [ -37.713523776499997, -10.665925103299999 ], [ -37.709716199900001, -10.671050361500001 ], [ -37.703731745600003, -10.6692990393 ], [ -37.702500982399997, -10.6772238406 ], [ -37.694344965900001, -10.683401764399999 ], [ -37.686014257399997, -10.6818046272 ], [ -37.683508168099998, -10.684157418 ], [ -37.6857488578, -10.6919686503 ], [ -37.677160145, -10.695885064100001 ], [ -37.673563872800003, -10.702195027 ], [ -37.6843016503, -10.707788535900001 ], [ -37.6784281228, -10.7139027804 ], [ -37.679114050899997, -10.7266882822 ], [ -37.698095225700001, -10.7367049718 ], [ -37.707151394599997, -10.737735178599999 ], [ -37.7099076672, -10.7507942958 ], [ -37.709163676199999, -10.754144399299999 ], [ -37.720482560400001, -10.766707371700001 ], [ -37.717652278599999, -10.7693005188 ], [ -37.723982384, -10.7857344337 ], [ -37.7331136524, -10.7973349044 ], [ -37.739731312, -10.802424339 ], [ -37.751732708399999, -10.8066330648 ], [ -37.765864398799998, -10.818484964 ], [ -37.791091956700001, -10.8313537991 ], [ -37.799162685100001, -10.835470497399999 ], [ -37.8047824525, -10.840605740899999 ], [ -37.813476804, -10.8693996333 ], [ -37.8280296127, -10.8585620736 ], [ -37.8482801416, -10.865009022500001 ], [ -37.860464638499998, -10.8688875864 ], [ -37.876532337500002, -10.863900294800001 ], [ -37.876688854299999, -10.863902101400001 ], [ -37.896895582500001, -10.871997821 ], [ -37.923085705799998, -10.8793485293 ], [ -37.932174510400003, -10.8805805569 ], [ -37.938459979699999, -10.881590833900001 ], [ -37.939035500800003, -10.8883502097 ], [ -37.972538999299999, -10.879936993199999 ], [ -37.971957791, -10.8679112461 ], [ -37.969900566299998, -10.8253739786 ], [ -37.969815508899998, -10.7941878256 ], [ -37.971377675299998, -10.768598533800001 ], [ -37.971383148900003, -10.7684976414 ], [ -37.972259864900003, -10.754099114700001 ], [ -37.939187044599997, -10.740868279900001 ], [ -37.9198903845, -10.7331477218 ], [ -37.908917082099997, -10.7287585223 ], [ -37.900657039099997, -10.7254540487 ], [ -37.897843731099996, -10.724327780899999 ], [ -37.881824031900003, -10.717919138499999 ], [ -37.8666461125, -10.711846380600001 ], [ -37.844561277399997, -10.703011201900001 ], [ -37.844150058399997, -10.7028468648 ], [ -37.828481327399999, -10.696578214800001 ], [ -37.813582568800001, -10.690617437 ], [ -37.814514617599997, -10.6846385842 ], [ -37.820831902199998, -10.644080777899999 ], [ -37.830121288800001, -10.5843201765 ], [ -37.818273754700002, -10.5850390672 ], [ -37.814711386500001, -10.594690994700001 ] ] ] } },
{ "type": "Feature", "properties": { "cod_mun": "2807204", "nome": "Siriri", "dre": "DRE04", "nome_dre": "DRE 04" }, "geometry": { "type": "Polygon", "coordinates": [ [ [ -37.103648508299997, -10.528375538100001 ], [ -37.1068406411, -10.5307270314 ], [ -37.0807785732, -10.527048326799999 ], [ -37.069559694799999, -10.5290706303 ], [ -37.06846949, -10.529291736299999 ], [ -37.073583604699998, -10.5605192618 ], [ -37.070024046599997, -10.5730690011 ], [ -37.0746921876, -10.577313242100001 ], [ -37.0771173256, -10.5891310578 ], [ -37.067869253700003, -10.591266488600001 ], [ -37.065987636199999, -10.597937459700001 ], [ -37.066931997099999, -10.608032017 ], [ -37.073295692899997, -10.615413201200001 ], [ -37.0753965408, -10.6309607929 ], [ -37.075811402200003, -10.631973266 ], [ -37.076782383500003, -10.6324916725 ], [ -37.083735844800003, -10.6362007693 ], [ -37.092497302399998, -10.640874757700001 ], [ -37.093965269900004, -10.638180737400001 ], [ -37.0986444113, -10.643844826700001 ], [ -37.114515017800002, -10.646973196199999 ], [ -37.133737836800002, -10.650762799 ], [ -37.142021143400001, -10.6441153136 ], [ -37.1456849319, -10.6360176815 ], [ -37.143038981899998, -10.624798692300001 ], [ -37.1585605593, -10.627357888300001 ], [ -37.150152024599997, -10.620417975700001 ], [ -37.1775573038, -10.625045313499999 ], [ -37.206926888, -10.607162241 ], [ -37.194295444, -10.591871642 ], [ -37.175494360800002, -10.579265060599999 ], [ -37.171878527200001, -10.571175393500001 ], [ -37.177442837299999, -10.565474350800001 ], [ -37.177852419600001, -10.5650556372 ], [ -37.180470454, -10.5623716571 ], [ -37.160101387399997, -10.534340481599999 ], [ -37.160064198, -10.534285583200001 ], [ -37.156236242299997, -10.528585218 ], [ -37.1393241878, -10.5066030197 ], [ -37.137754063599999, -10.4701346055 ], [ -37.1229747625, -10.4756060328 ], [ -37.114553622800003, -10.4824164054 ], [ -37.113299799300002, -10.4922331402 ], [ -37.102518661300003, -10.510238710299999 ], [ -37.103648508299997, -10.528375538100001 ] ] ] } },
{ "type": "Feature", "properties": { "cod_mun": "2807303", "nome": "Telha", "dre": "DRE06", "nome_dre": "DRE 06" }, "geometry": { "type": "Polygon", "coordinates": [ [ [ -36.848266423299997, -10.162359370600001 ], [ -36.8469240477, -10.1758444969 ], [ -36.84677803, -10.1797119156 ], [ -36.846244280500002, -10.1860892304 ], [ -36.848299565600001, -10.1879491497 ], [ -36.849640864599998, -10.1857795097 ], [ -36.856308096600003, -10.1760158018 ], [ -36.860405630400003, -10.185394265399999 ], [ -36.866896614200002, -10.205343470200001 ], [ -36.867367996900001, -10.2277699864 ], [ -36.887747204100002, -10.226318686200001 ], [ -36.899060335199998, -10.2255123853 ], [ -36.928686756499999, -10.2224001916 ], [ -36.943082504700001, -10.2271153513 ], [ -36.903094775600003, -10.173472096199999 ], [ -36.880255865700001, -10.1446405951 ], [ -36.867032528599999, -10.157124119200001 ], [ -36.848266423299997, -10.162359370600001 ] ] ] } },
{ "type": "Feature", "properties": { "cod_mun": "2807402", "nome": "Tobias Barreto", "dre": "DRE02", "nome_dre": "DRE 02" }, "geometry": { "type": "Polygon", "coordinates": [ [ [ -38.025958326800001, -10.815363871900001 ], [ -37.969900566299998, -10.8253739786 ], [ -37.971957791, -10.8679112461 ], [ -37.972538999299999, -10.879936993199999 ], [ -37.957856851599999, -10.926787264 ], [ -37.956620745899997, -10.9336877361 ], [ -37.944019206100002, -10.9463192468 ], [ -37.9332857351, -10.972541269 ], [ -37.941417542, -10.984914345 ], [ -37.945472220799999, -10.9808796225 ], [ -37.948660264799997, -10.98619413 ], [ -37.9462072623, -10.996714219899999 ], [ -37.938691463799998, -11.0043196736 ], [ -37.931959405299999, -11.005500805700001 ], [ -37.930259409900003, -11.0107248674 ], [ -37.915045669500003, -11.024506151800001 ], [ -37.9053406628, -11.0336187716 ], [ -37.894834403899999, -11.044813275199999 ], [ -37.8667976626, -11.0795097561 ], [ -37.843187844699997, -11.1085177833 ], [ -37.792615856099999, -11.1332422946 ], [ -37.828039428, -11.151451552099999 ], [ -37.845982517400003, -11.1606756724 ], [ -37.8610745816, -11.173474101 ], [ -37.861529455199999, -11.1738604204 ], [ -37.876028961899998, -11.186155686899999 ], [ -37.875885521, -11.189812859 ], [ -37.869317714700003, -11.2007919567 ], [ -37.870609949, -11.2069964688 ], [ -37.865882171899997, -11.209824491299999 ], [ -37.868088586399999, -11.221821527299999 ], [ -37.8784262231, -11.2171122925 ], [ -37.883414518400002, -11.211043527599999 ], [ -37.886431446099998, -11.2125459798 ], [ -37.903965061199997, -11.2212828529 ], [ -37.914883893, -11.2348499609 ], [ -37.927044929499999, -11.252023608 ], [ -37.959210751699999, -11.3084089714 ], [ -37.982132585199999, -11.3477415497 ], [ -37.989655218199999, -11.3413192364 ], [ -37.993247310699999, -11.3429535681 ], [ -37.999759099, -11.338880406199999 ], [ -37.997934169499999, -11.33537905 ], [ -37.987515678100003, -11.3311373016 ], [ -37.998312364699999, -11.3218988283 ], [ -37.9905496724, -11.3204449608 ], [ -37.991961163699997, -11.312325061 ], [ -37.9954147897, -11.311911109 ], [ -38.0010299948, -11.3026290013 ], [ -38.003110345400003, -11.2923082794 ], [ -38.010404987100003, -11.2936109493 ], [ -38.014542359899998, -11.285220966300001 ], [ -38.0039871894, -11.2857234012 ], [ -37.992536584299998, -11.279013004799999 ], [ -37.992972493400003, -11.272500614 ], [ -37.9869719983, -11.2714985412 ], [ -37.985938820400001, -11.2667078941 ], [ -37.990556465899999, -11.2657798168 ], [ -37.995614782499999, -11.259053914500001 ], [ -37.986703096699998, -11.253269677 ], [ -37.983884472100002, -11.247351870499999 ], [ -37.987092107599999, -11.2454840303 ], [ -37.989737600200002, -11.2482279285 ], [ -37.993307290600001, -11.24003048 ], [ -37.986273852499998, -11.2370670057 ], [ -37.990561249599999, -11.228153923500001 ], [ -37.977467926099997, -11.2214791234 ], [ -37.977098725899999, -11.2142564881 ], [ -37.981557501, -11.2098884791 ], [ -37.978939546699998, -11.204756398600001 ], [ -37.980882128, -11.198431429 ], [ -37.973750051700002, -11.1948866147 ], [ -37.979739032700003, -11.1914366085 ], [ -37.984548913200001, -11.1954448548 ], [ -37.9869690851, -11.1955699196 ], [ -37.996036750899997, -11.190644498499999 ], [ -38.000473951, -11.1946474774 ], [ -38.013573305400001, -11.18432388 ], [ -38.022845230500003, -11.1775043584 ], [ -38.046435467199998, -11.1782373726 ], [ -38.061383894199999, -11.1716548119 ], [ -38.0620543012, -11.1636263108 ], [ -38.066399235399999, -11.160446847699999 ], [ -38.065974722100002, -11.1486542995 ], [ -38.070396655099998, -11.1418691961 ], [ -38.064771929700001, -11.1309999801 ], [ -38.065101361499998, -11.122609267 ], [ -38.0687808761, -11.1186140081 ], [ -38.083460780199999, -11.1192746995 ], [ -38.088766434100002, -11.1147954433 ], [ -38.088571594400001, -11.1058666149 ], [ -38.093623056, -11.10136434 ], [ -38.091848863099997, -11.097922796100001 ], [ -38.086037665900001, -11.097291672200001 ], [ -38.074533614800004, -11.0761000614 ], [ -38.080990420699997, -11.063947991799999 ], [ -38.0841296579, -11.0647724606 ], [ -38.084914839200003, -11.0597936994 ], [ -38.090541780700001, -11.057613231 ], [ -38.090722957499999, -11.0511541467 ], [ -38.095958547599999, -11.0490843763 ], [ -38.099935183299998, -11.0410319143 ], [ -38.0976739002, -11.038316716100001 ], [ -38.105515644299999, -11.0254012961 ], [ -38.100606639799999, -11.020210885299999 ], [ -38.101373559099997, -11.0146207263 ], [ -38.1207246154, -11.006923672699999 ], [ -38.124591926500003, -11.0097344942 ], [ -38.123480266199998, -11.017889583 ], [ -38.128994319500002, -11.0184332636 ], [ -38.139548329500002, -11.0085632136 ], [ -38.143736968500001, -11.0018446577 ], [ -38.149067712399997, -11.0010638593 ], [ -38.180176540399998, -10.974297288700001 ], [ -38.179531214500003, -10.9692810777 ], [ -38.187018158100003, -10.962187572099999 ], [ -38.179958807299997, -10.9498306789 ], [ -38.180562225199999, -10.9437587481 ], [ -38.167228376300002, -10.9404102534 ], [ -38.170049212599999, -10.926325149 ], [ -38.163720525899997, -10.9207086964 ], [ -38.162286587200001, -10.910800399299999 ], [ -38.156943495100002, -10.9000548741 ], [ -38.1385859138, -10.899817027499999 ], [ -38.135367964899999, -10.894003306 ], [ -38.128871902, -10.891005760500001 ], [ -38.119297285899997, -10.8686102074 ], [ -38.127477570300002, -10.8569835831 ], [ -38.124550727100001, -10.8482353945 ], [ -38.118193108900002, -10.843179449599999 ], [ -38.114453385, -10.8337621437 ], [ -38.107889110499997, -10.836084318299999 ], [ -38.102352463099997, -10.829518051 ], [ -38.097493794400002, -10.829902968 ], [ -38.086043148199998, -10.8247321554 ], [ -38.086030854, -10.8217447265 ], [ -38.078299566399998, -10.8216585235 ], [ -38.074421358899997, -10.81822845 ], [ -38.045479117799999, -10.817999950400001 ], [ -38.025958326800001, -10.815363871900001 ] ] ] } },
{ "type": "Feature", "properties": { "cod_mun": "2807501", "nome": "Tomar do Geru", "dre": "DRE01", "nome_dre": "DRE 01" }, "geometry": { "type": "Polygon", "coordinates": [ [ [ -37.927044929499999, -11.252023608 ], [ -37.917678520700001, -11.2650485941 ], [ -37.907311029900001, -11.264038230100001 ], [ -37.901083884400002, -11.2718482488 ], [ -37.878399575, -11.2885744194 ], [ -37.873957866, -11.284589654199999 ], [ -37.8709285861, -11.2844840794 ], [ -37.863275817900004, -11.2995442836 ], [ -37.855393806099997, -11.3001539429 ], [ -37.852290685900002, -11.2974180635 ], [ -37.848219217500002, -11.301079527600001 ], [ -37.845533532799998, -11.304839835199999 ], [ -37.837712225200001, -11.312632216600001 ], [ -37.836101324799998, -11.314400000699999 ], [ -37.828704237499998, -11.320657758199999 ], [ -37.822047171800001, -11.318895493199999 ], [ -37.815244842399999, -11.3242797899 ], [ -37.815177881, -11.3243590713 ], [ -37.815230243400002, -11.3314934523 ], [ -37.791379231400001, -11.347639382100001 ], [ -37.791045296599997, -11.3597341083 ], [ -37.786789413800001, -11.359120693099999 ], [ -37.785508705600002, -11.364984248500001 ], [ -37.7849932333, -11.3729619592 ], [ -37.777537840400001, -11.3784365054 ], [ -37.770500185, -11.377179739800001 ], [ -37.769020623599999, -11.389705831800001 ], [ -37.7612208189, -11.3938089866 ], [ -37.763544724200003, -11.4037368494 ], [ -37.759224177500002, -11.4066764872 ], [ -37.750937766900002, -11.4052647827 ], [ -37.751129780699998, -11.4003553295 ], [ -37.746927429199999, -11.4115627978 ], [ -37.80699545, -11.4118858193 ], [ -37.810768769799999, -11.421778525800001 ], [ -37.832714298299997, -11.4826041511 ], [ -37.8397655825, -11.481217708200001 ], [ -37.848066865500002, -11.469471351699999 ], [ -37.862750057200003, -11.4669689689 ], [ -37.863331289100003, -11.455004263699999 ], [ -37.862772461200002, -11.4522261147 ], [ -37.853097178699997, -11.451500449099999 ], [ -37.8521991486, -11.4458941799 ], [ -37.848080486299999, -11.443565105799999 ], [ -37.850478322500003, -11.4397882157 ], [ -37.867423481899998, -11.4420437029 ], [ -37.869759977199998, -11.435351520799999 ], [ -37.880701732, -11.432970791400001 ], [ -37.8738611343, -11.4278511676 ], [ -37.865744057900002, -11.4282332297 ], [ -37.867566636500001, -11.425816922499999 ], [ -37.882782293799998, -11.424443693700001 ], [ -37.8916369887, -11.4359679911 ], [ -37.893373411100001, -11.4332947124 ], [ -37.899959826200003, -11.4366149823 ], [ -37.901941140799998, -11.4276387689 ], [ -37.907050116500002, -11.4262810104 ], [ -37.903578557700001, -11.4225652131 ], [ -37.906127376299999, -11.419739267700001 ], [ -37.904798809799999, -11.4098970164 ], [ -37.906981601699997, -11.4077300816 ], [ -37.914004087, -11.4076955941 ], [ -37.916667313300003, -11.4025623898 ], [ -37.928669172399999, -11.401491572 ], [ -37.9280028612, -11.409459656199999 ], [ -37.934919365, -11.4131539917 ], [ -37.936336271099997, -11.422135112099999 ], [ -37.941675412099997, -11.4227930374 ], [ -37.944757447699999, -11.422551052499999 ], [ -37.942486838599997, -11.418164969699999 ], [ -37.945566059599997, -11.4128488105 ], [ -37.955571093800003, -11.4070837 ], [ -37.950813603500002, -11.403996309 ], [ -37.952211275800003, -11.3954387275 ], [ -37.957647478399998, -11.3960450714 ], [ -37.960656572399998, -11.4013056303 ], [ -37.965242976, -11.402313012600001 ], [ -37.964776171899999, -11.392689324599999 ], [ -37.967545906300003, -11.3900827937 ], [ -37.977574710299997, -11.393118981300001 ], [ -37.980727125, -11.384884474 ], [ -37.968386193100002, -11.3813992337 ], [ -37.9693942002, -11.3725037464 ], [ -37.972569704, -11.373339548700001 ], [ -37.978412473399999, -11.365328179900001 ], [ -37.982132585199999, -11.3477415497 ], [ -37.959210751699999, -11.3084089714 ], [ -37.927044929499999, -11.252023608 ] ] ] } },
{ "type": "Feature", "properties": { "cod_mun": "2807600", "nome": "Umbaúba", "dre": "DRE01", "nome_dre": "DRE 01" }, "geometry": { "type": "Polygon", "coordinates": [ [ [ -37.602084421800001, -11.3883857343 ], [ -37.6105433906, -11.404154866100001 ], [ -37.634463631199999, -11.4487604249 ], [ -37.640864198599999, -11.460696946900001 ], [ -37.6523591634, -11.4821387417 ], [ -37.653494393599999, -11.4789784142 ], [ -37.660277876599999, -11.484919012800001 ], [ -37.677139163500001, -11.4725284176 ], [ -37.671849657800003, -11.456673818500001 ], [ -37.676528497, -11.446370297 ], [ -37.682413486900003, -11.443649174500001 ], [ -37.685562726199997, -11.4344398505 ], [ -37.691457021399998, -11.432441821499999 ], [ -37.692826853299998, -11.424603873 ], [ -37.702319417, -11.4207600097 ], [ -37.703769044300003, -11.416839040799999 ], [ -37.703905352299998, -11.4164707884 ], [ -37.720143915, -11.4072136381 ], [ -37.723473731299997, -11.3990320836 ], [ -37.729742663700002, -11.4013560651 ], [ -37.702006744899997, -11.375029400200001 ], [ -37.691859644099999, -11.3653981783 ], [ -37.691804731300003, -11.329731037 ], [ -37.691782600700002, -11.3163735775 ], [ -37.691767742899998, -11.3076934277 ], [ -37.6827209247, -11.315840054 ], [ -37.675007510500002, -11.322783900299999 ], [ -37.674103990600003, -11.323600067899999 ], [ -37.638715645300003, -11.355445204800001 ], [ -37.638596526800001, -11.355552077800001 ], [ -37.6253637461, -11.367454389800001 ], [ -37.625079783300002, -11.367711817 ], [ -37.623549207300002, -11.369087949700001 ], [ -37.602084421800001, -11.3883857343 ] ] ] } }
]
}
